cal,d14c,d14csig,paper_ref,tree_ref
969,-13,2.32,29,1
968,-22.27,2.62,29,1
967,-13.46,2.44,29,1
966,-19.99,2.92,29,1
965,-17.75,2.46,29,1
964,-18.13,2.57,29,1
963,-19.39,2.54,29,1
962,-19.37,2.34,29,1
961,-24.76,2.31,29,1
958,-17.64,2.28,29,1
957,-21.05,2.26,29,1
956,-20.09,2.48,29,1
955,-9.61,2.32,29,1
954,-11.57,2.39,29,1
953,-8.79,2.36,29,1
952,-13.8,2.46,29,1
951,-13.59,2.74,29,1
947,-11.55,2.79,29,1
946,-12,2.51,29,1
945,-11.77,2.5,29,1
958,-10.87,2.63,29,1
957,-23.49,2.95,29,1
956,-26.72,2.31,29,1
955,-20.2,2.52,29,1
954,-9.79,2.49,29,1
953,-12.24,2.37,29,1
952,-10.86,2.78,29,1
951,-12.46,2.25,29,1
960,-16.36,2.4,29,1
959,-19.33,2.44,29,1
950,-12.61,2.62,29,1
949,-12.74,2.42,29,1
948,-11.36,3,29,1
944,-11.84,2.65,29,1
943,-7.43,2.48,29,1
2784,-1.97,2.12,40,1
2783,-1.46,2.12,40,1
2782,-1.96,2.12,40,1
2781,-5.43,2.12,40,1
2780,-0.58,1.99,40,1
2779,-0.7,2.12,40,1
2778,5.79,2.12,40,1
2777,2.42,2.12,40,1
2776,2.3,2.12,40,1
2775,-0.07,2.12,40,1
2774,-4.04,2.12,40,1
2773,-1.93,2.12,40,1
2772,-2.92,2.49,40,1
2771,-0.55,2.49,40,1
2770,-5.02,2.49,40,1
2769,-1.42,2.49,40,1
2768,-0.04,2.49,40,1
2767,4.58,2.49,40,1
2766,0.46,2.49,40,1
2765,-0.66,2.49,40,1
2764,2.96,2.49,40,1
2763,-6.48,2.49,40,1
2762,-0.64,3.49,40,1
2761,-0.89,2.49,40,1
2760,1.11,2.38,40,1
2759,-1.38,2.49,40,1
2758,-0.63,2.49,40,1
2757,0.49,2.26,40,1
2756,2.12,2.27,40,1
2755,4.87,2.28,40,1
2754,3.12,2.3,40,1
2753,8.64,2.23,40,1
2752,6.38,2.19,40,1
2751,8.02,2.37,40,1
2750,4.39,4.36,40,1
2749,6.77,3.73,40,1
2748,7.15,4.36,40,1
2747,7.4,1.87,40,1
2746,6.21,2.37,40,1
2745,7.8,2.37,40,1
2744,4.14,2.38,40,1
2743,5.84,2.32,40,1
2742,7.34,2.39,40,1
2741,6.1,2.38,40,1
2740,9.82,2.37,40,1
2739,5.99,2.39,40,1
2738,7.56,2.4,40,1
2737,6.43,2.42,40,1
2736,4.86,2.36,40,1
2735,9.16,2.5,40,1
2734,4.81,2.59,40,1
2733,7.79,2.54,40,1
2732,9.59,2.55,40,1
2731,8.24,2.65,40,1
2730,9.45,2.55,40,1
2729,3.71,1.99,40,1
2728,10.02,2.58,40,1
2727,10.61,2.12,40,1
2726,11.1,2.56,40,2
2728,10.66,2.56,40,2
2730,6.41,2.55,40,2
2732,8.2,2.64,40,2
2734,8.26,2.54,40,2
2736,9.74,3.54,40,2
2738,3.35,2.54,40,2
2740,2.07,2.56,40,2
2742,4.16,2.55,40,2
2744,6.38,2.58,40,2
2746,4.33,2.54,40,2
2748,4.29,2.55,40,2
2750,-1.62,2.56,40,2
2752,0.93,2.56,40,2
2754,-3.07,2.51,40,2
2756,3.26,2.56,40,2
2758,-0.34,2.52,40,2
2760,-0.46,2.54,40,2
2762,-2.03,2.49,40,2
2764,3.88,2.55,40,2
2766,-0.8,2.5,40,2
2768,2.65,2.55,40,2
2770,-4.39,2.52,40,2
2772,1.16,2.55,40,2
2774,-1.88,2.52,40,2
2776,0.67,2.54,40,2
2778,-1.41,2.51,40,2
1189,-16.3,3.9,44,1
1188,-13.6,3.7,44,1
1187,-21.4,3.5,44,1
1186,-14.1,3.5,44,1
1185,-16,3.5,44,1
1184,-16.5,3.5,44,1
1183,-16.7,3.5,44,1
1182,-17.6,3.5,44,1
1181,-15.1,4.6,44,1
1180,-16.2,4.8,44,1
1179,-18.1,3.5,44,1
1178,-15.2,4,44,1
1177,-17.2,3.5,44,1
1176,-18.3,3.5,44,1
1175,-11.6,3.5,44,1
1174,-2.4,4.9,44,1
1173,2.2,3.6,44,1
1172,1.6,3.5,44,1
1171,0.4,3.8,44,1
1170,0,3.6,44,1
1169,-6.1,3,44,1
1168,-7,2.7,44,1
1167,-3.5,3.1,44,1
1166,-8.8,3.5,44,1
1165,-3.3,2.9,44,1
1164,-6.4,2.4,44,1
1163,-5.8,2.8,44,1
1162,-10.4,2.8,44,1
1161,-12.3,3.6,44,1
1160,-14.1,3.9,44,1
1159,-10.6,2.8,44,1
1158,-13,2.7,44,1
1157,-16.6,2.9,44,1
1156,-8.7,3.9,44,1
1155,-6.9,3.1,44,1
1154,-11.2,3.6,44,1
1153,-13.2,2.9,44,1
1152,-11.6,2.8,44,1
1151,-13.7,2.8,44,1
1150,-11,3.1,44,1
1149,-11.2,2.8,44,1
1189,-14.7,3.9,44,2
1188,-19.7,3.5,44,2
1187,-16.4,4.6,44,2
1186,-18.3,3.5,44,2
1185,-18.4,3.9,44,2
1184,-16.9,3.5,44,2
1183,-16.1,3.5,44,2
1182,-18.1,4.6,44,2
1181,-21.3,3.5,44,2
1180,-12.2,3.6,44,2
1179,-19.9,3.5,44,2
1178,-16.6,3.5,44,2
1177,-15.2,3.6,44,2
1176,-17.4,3.5,44,2
1175,-17.1,3.5,44,2
1174,-3.2,3.5,44,2
1173,-3.6,3.6,44,2
1172,-3.2,3.5,44,2
1171,-7.9,2.9,44,2
1170,-8.9,2.8,44,2
1169,-7.4,2.9,44,2
1168,-8.2,3.1,44,2
1167,-5.6,4,44,2
1166,-8.9,2.7,44,2
1165,-11,2.8,44,2
1164,-11.1,3.8,44,2
1163,-11,4.4,44,2
1162,-9.2,3.6,44,2
1161,-9.4,3.5,44,2
1160,-13.4,3.4,44,2
1159,-14.1,3.2,44,2
1158,-13.3,3.3,44,2
1157,-19,4.2,44,2
1156,-17.1,3,44,2
1155,-12.4,3.1,44,2
1154,-13.8,3.8,44,2
1153,-9.2,2.8,44,2
1152,-13,2.8,44,2
1151,-8.1,3,44,2
1150,-11.8,2.8,44,2
1149,-8.7,2.8,44,2
425,14.5,3.4,28,1
426,14,2.7,28,1
427,10.5,3.8,28,1
428,13.4,2.8,28,1
429,12,1.9,28,1
430,12,2.8,28,1
431,6.6,3.4,28,1
432,11.7,2.9,28,1
435,10.2,1.9,28,1
436,8.7,2.8,28,1
437,15.8,2.5,28,1
438,15.3,2.9,28,1
439,9.2,2.9,28,1
440,11.6,2.4,28,1
441,10.2,2,28,1
444,5,3.5,28,1
445,12.1,2.4,28,1
446,9.4,3.1,28,1
447,10.4,2,28,1
448,15.7,3.3,28,1
450,7,3.5,28,1
451,11.3,3,28,1
452,11.7,2.6,28,1
453,13.1,1.9,28,1
455,15.8,2.9,28,1
457,10.5,3.3,28,1
458,7.3,2.4,28,1
460,9.1,2.5,28,1
461,4.5,4.1,28,1
464,10,2.4,28,1
465,12.6,2.3,28,1
466,9.7,2.4,28,1
467,13.4,2.5,28,1
468,17.9,3.5,28,1
469,7.7,2.8,28,1
470,13.1,2.8,28,1
471,11.9,2,28,1
472,8.7,3,28,1
473,14,3.3,28,1
474,13.7,2.9,28,1
475,11,2.5,28,1
479,14.6,2.8,28,1
480,13.8,3.8,28,1
481,8.6,3.3,28,1
482,11.9,2.5,28,1
483,7.5,1.9,28,1
484,8.7,3.1,28,1
485,7.3,2.4,28,1
487,11.9,2.4,28,1
488,12.2,2.4,28,1
489,11.3,2,28,1
490,13.1,2.5,28,1
491,9.9,3.3,28,1
493,8,2.4,28,1
494,10.4,3,28,1
495,8,2.4,28,1
496,7.7,2.3,28,1
497,5.2,2.5,28,1
498,1.4,3.5,28,1
499,8.7,3.9,28,1
500,6.9,2.4,28,1
501,8.2,2,28,1
502,6.7,3.4,28,1
503,2,3.4,28,1
504,-3.6,2.7,28,1
505,4.6,3.8,28,1
506,7.1,2.3,28,1
507,4.3,2,28,1
508,2.2,2.5,28,1
509,5.3,2.5,28,1
510,6.8,2.6,28,1
512,6.2,2.5,28,1
513,4.3,1.9,28,1
514,4.4,2.4,28,1
515,9.9,2.9,28,1
516,6.8,3.5,28,1
517,1.4,2.5,28,1
518,2.8,2.4,28,1
372,2.1,1.9,28,2
373,0.9,3,28,2
377,4.7,2.5,28,2
379,2.4,2,28,2
380,6.9,1.4,28,2
381,6.6,2.5,28,2
382,6,1.3,28,2
384,8.6,1.6,28,2
385,8.1,2.8,28,2
387,4.1,2.4,28,2
388,5.6,1.4,28,2
389,8,1.8,28,2
390,2.9,1.7,28,2
392,11.4,1.5,28,2
393,10.5,2.8,28,2
394,8.4,1.9,28,2
395,5.8,2.6,28,2
397,5.7,2.6,28,2
398,7.8,1.4,28,2
399,15,2.9,28,2
400,8.7,1.3,28,2
401,16,2,28,2
402,13.1,1.9,28,2
403,13.2,2.3,28,2
405,6.9,2.6,28,2
406,7.8,1.4,28,2
407,8.1,2.5,28,2
408,13,1.6,28,2
410,12.8,2.5,28,2
411,13.2,2.4,28,2
412,9,1.4,28,2
413,14.2,2.7,28,2
414,9.8,1.8,28,2
415,18.9,3.3,28,2
416,15.7,1.6,28,2
417,14.7,2.4,28,2
418,17.1,1.5,28,2
419,8.4,3.1,28,2
420,11.4,1.4,28,2
421,13,2.1,28,2
422,17.1,1.4,28,2
423,12.5,1.4,28,2
424,7.2,1.4,28,2
425,10.9,2.3,28,2
426,7.6,2.6,28,2
427,8.2,2.1,28,2
428,8.9,2.8,28,2
430,12.3,2.3,28,2
431,8.9,2.4,28,2
432,9.1,3,28,2
433,8.8,3,28,2
434,6.8,2.5,28,2
435,9.7,2.4,28,2
436,12,2.1,28,2
437,11.5,2.3,28,2
438,8,2.4,28,2
439,8.1,3,28,2
440,6.7,2.5,28,2
441,13.4,1.9,28,2
442,11.2,1.8,28,2
443,10.4,2.6,28,2
444,11.4,1.9,28,2
445,6.7,2.3,28,2
446,11.7,2.9,28,2
447,13.8,1.9,28,2
448,9.5,1.9,28,2
449,6.5,1.5,28,2
450,12.3,1.6,28,2
451,6.4,2.8,28,2
452,11.3,2,28,2
453,11.4,2.1,28,2
454,8,1.8,28,2
455,4.3,2.1,28,2
456,10.9,1.8,28,2
457,5,2.4,28,2
458,7,2.9,28,2
459,6.4,2.3,28,2
460,10.1,1.6,28,2
461,11.6,2.3,28,2
462,5.7,2.1,28,2
463,5.5,2.3,28,2
464,11.1,1.4,28,2
465,9.4,1.4,28,2
466,12.1,2.1,28,2
467,5.5,2.3,28,2
468,11.2,1.5,28,2
469,11.7,1.4,28,2
470,9.1,2.1,28,2
471,8.5,2.4,28,2
472,7.2,2.1,28,2
473,10.3,2.1,28,2
474,6.3,2.1,28,2
475,4.4,2.3,28,2
476,8.1,2.9,28,2
477,6.1,2.1,28,2
478,6.1,2.1,28,2
479,7.6,2.4,28,2
480,3.4,2.1,28,2
481,12.1,0.9,28,2
482,11.8,2.8,28,2
483,10.2,2.3,28,2
484,0,2.6,28,2
485,8.2,2.3,28,2
486,7,2.1,28,2
487,7.3,2.3,28,2
488,9.8,2.3,28,2
489,14.1,2.1,28,2
490,11.3,2.3,28,2
491,7.9,2.4,28,2
492,11,2.3,28,2
493,6.1,2.3,28,2
494,12.4,2.3,28,2
495,4.5,2.1,28,2
496,7.7,2.5,28,2
497,0.2,2.9,28,2
498,4.6,2.1,28,2
500,7.6,2.6,28,2
501,6,2.1,28,2
502,10.5,2.4,28,2
503,0.3,2.2,28,2
506,7.5,2.3,28,2
508,2.1,2.4,28,2
509,3.7,2.1,28,2
510,3.3,2.1,28,2
511,6.3,2.4,28,2
512,3.1,2.4,28,2
515,1.8,2.4,28,2
516,-3.6,2.7,28,2
517,-1.6,3.6,28,2
518,0,3.2,28,2
3574,11.15185761,2,22,1
3573,12.70490542,2.5,22,1
3572,13.51516587,2,22,1
3571,16.17498823,2.5,22,1
3570,14.34805769,2,22,1
3569,16.1280374,2.4,22,1
3568,16.24921079,2,22,1
3567,13.51304713,2.4,22,1
3566,14.17898712,2,22,1
3565,16.78402799,2.4,22,1
3564,18.94827063,2,22,1
3563,14.1333738,2.5,22,1
3562,15.82593591,2,22,1
3561,12.6038399,2.5,22,1
3560,15.4606494,2.1,22,1
3559,14.07128617,2.5,22,1
3558,18.64091564,2,22,1
3557,18.42905283,2.5,22,1
3556,19.32617624,2,22,1
3555,18.38926564,2.5,22,1
3554,13.34888737,2.4,22,1
3553,19.06046168,2.5,22,1
3552,15.17986635,2.5,22,1
3551,16.51095216,2.5,22,1
3550,15.07637266,2.5,22,1
3549,15.20058012,2.8,22,1
3548,13.32036867,2.6,22,1
3547,15.57429851,2.8,22,1
3546,16.65461567,2.8,22,1
3545,16.66940787,2.7,22,1
3544,18.67376099,2,22,1
3543,17.7288847,2.5,22,1
3542,16.109572,2.2,22,1
3541,20.86830901,2.5,22,1
3540,14.86123321,2,22,1
3539,14.92436138,3,22,1
3538,14.69793541,2,22,1
3537,17.57756346,2,22,1
3536,14.04893283,2.5,22,1
3535,17.08699613,2.5,22,1
3534,16.05371427,2.5,22,1
3533,16.22685815,2.2,22,1
3532,15.04635402,2.1,22,1
3531,18.25148709,2,22,1
3530,15.25863559,2.1,22,1
3529,14.5005756,2.1,22,1
3528,12.52813165,2.3,22,1
3527,11.55948886,2.1,22,1
3526,15.99727717,2.2,22,1
3525,9.020162602,2.3,22,1
3524,12.10666106,2.1,22,1
3523,11.21885056,2.3,22,1
3522,10.95943007,2.1,22,1
3521,9.37773222,2.1,22,1
3520,8.990233914,2.1,22,1
3519,10.83884553,2.1,22,1
3518,12.00075701,2.3,22,1
3517,12.21901472,2.1,22,1
3516,10.61020951,2.1,22,1
3515,10.61256755,2,22,1
3514,14.11147009,2.1,22,1
3513,10.15741198,2.3,22,1
3512,7.290482204,2.1,22,1
3511,12.44953005,2.1,22,1
3510,11.66394128,2.1,22,1
3509,9.159090939,2.4,22,1
3508,15.99382381,2.4,22,1
3507,9.882786522,2.3,22,1
3506,14.29096487,2.1,22,1
3505,14.56137582,2.3,22,1
3504,8.087418259,2.1,22,1
3502,7.348872451,2.1,22,1
3501,9.932410356,2.1,22,1
3500,10.89874458,2.4,22,1
3499,9.394859065,2,22,1
3498,6.076413451,2.1,22,1
3497,7.371478377,2.1,22,1
3496,13.17186396,2.3,22,1
3495,9.167961203,2.1,22,1
3494,13.53050292,2.3,22,1
3493,12.73918788,2.1,22,1
3492,10.80681839,2.1,22,1
3491,9.840170558,2.1,22,1
3490,9.962478028,2.1,22,1
3489,9.648204198,2.3,22,1
3488,9.237844944,2.1,22,1
3487,8.702716739,2.1,22,1
3486,11.37448951,2,22,1
3485,7.601792459,2.1,22,1
3484,10.00479358,2,22,1
3483,8.12709555,2,22,1
3482,10.79191539,2,22,1
3481,10.64234839,2,22,1
3480,13.24100326,2,22,1
3479,13.23084746,2,22,1
3478,17.25173141,2.2,22,1
3477,11.46420692,2,22,1
3476,13.93971739,2.1,22,1
3475,12.54551012,2,22,1
3474,11.31172188,2.1,22,1
3473,7.443945732,2.1,22,1
3472,12.17305477,2.1,22,1
3471,4.43252099,2,22,1
3470,10.87400177,2.1,22,1
3469,11.51416771,2,22,1
3468,8.506671869,2.1,22,1
3467,11.70065974,2.1,22,1
3466,11.32471475,2.1,22,1
3465,10.63871919,2.1,22,1
3464,14.64292393,2,22,1
3463,13.53010712,2.1,22,1
3462,11.1989831,2,22,1
3461,10.47157658,2.1,22,1
3460,10.86439196,2.1,22,1
3459,6.459118141,2.1,22,1
-4,-22.5,3.7,2,1
-3,-24.1,2.4,2,1
-2,-25.8,2.2,2,1
-1,-25.6,2.2,2,1
0,-25.8,2.2,2,1
1,-26,2.2,2,1
2,-22.2,2.4,2,1
3,-21.6,2.1,2,1
5,-22.4,2.6,2,1
6,-20.7,2.6,2,1
6,-25,2.2,2,1
7,-21.9,2.1,2,1
7,-27.4,2.5,2,1
8,-21,2.1,2,1
8,-19.9,2.2,2,1
9,-19.9,2.6,2,1
10,-23,2.6,2,1
11,-20.1,2.4,2,1
12,-16.5,2.2,2,1
12,-16,2.2,2,1
13,-17.2,2.1,2,1
14,-16.5,2.2,2,1
15,-16.7,2.4,2,1
16,-15.5,2.5,2,1
17,-18.6,2.2,2,1
18,-20.1,2.2,2,1
18,-21.4,2.4,2,1
19,-16.6,2.4,2,1
20,-14.9,2.2,2,1
21,-16.5,2.2,2,1
21,-18.7,2.2,2,1
22,-16,2.2,2,1
23,-16.1,2.7,2,1
24,-16.6,2.1,2,1
25,-11.2,2.1,2,1
26,-10.6,2.2,2,1
27,-15.7,2.1,2,1
28,-11.9,2.5,2,1
29,-11.1,2.5,2,1
30,-13.1,2.5,2,1
31,-11.9,2.2,2,1
32,-11.5,2.1,2,1
32,-11.1,2.2,2,1
33,-7.6,2.1,2,1
33,-11.3,2.5,2,1
34,-12.4,2.5,2,1
35,-6.1,5.2,2,1
169,-4.2,2.2,2,1
169,-5.9,2.2,2,1
170,-2.1,2.2,2,1
170,-0.7,2.1,2,1
171,-0.4,2.2,2,1
172,0.3,2.2,2,1
173,1.4,1.6,2,1
174,2.4,2.2,2,1
174,2.8,2.2,2,1
175,1.1,2.2,2,1
176,-1.2,2.1,2,1
177,5.5,2.3,2,1
177,-2.5,2.2,2,1
178,-0.1,1.7,2,1
179,1.2,2.2,2,1
180,0,2.2,2,1
181,0.1,2.2,2,1
182,-0.8,2.2,2,1
183,-0.6,2.2,2,1
184,1.5,2.2,2,1
185,2.1,2.2,2,1
186,3,2.2,2,1
187,-0.7,2.1,2,1
188,2.6,2.2,2,1
189,4.6,2.3,2,1
189,4.6,2.3,2,1
190,3.6,2.2,2,1
190,5.8,2.6,2,1
191,4.4,2.3,2,1
192,7.2,2.3,2,1
193,3.8,2.6,2,1
194,4.2,1.6,2,1
195,4.2,2,2,1
196,4.4,2.3,2,1
197,4,2.2,2,1
197,8.3,2.5,2,1
197,6.3,2.6,2,1
198,4.7,2.3,2,1
199,2.5,1.7,2,1
200,4.7,2.3,2,1
200,5.4,2.1,2,1
202,4.5,2.3,2,1
203,6.9,2.3,2,1
204,6.9,2.3,2,1
204,7.9,2.3,2,1
205,6.3,2.3,2,1
205,2.4,2.6,2,1
206,2.8,2.2,2,1
207,4.1,1.8,2,1
207,7,2.8,2,1
208,5.5,2.3,2,1
209,0.9,2.1,2,1
209,1.4,2.6,2,1
210,5.6,2.3,2,1
211,5.5,2.1,2,1
211,7.6,2.6,2,1
212,7.2,2.3,2,1
213,7.2,2.6,2,1
214,7.4,2.6,2,1
215,7.4,2.5,2,1
216,9,2.9,2,1
217,8.9,2.5,2,1
218,7.1,2,2,1
219,5.6,1.8,2,1
220,10.6,2.5,2,1
221,12.7,2.3,2,1
222,11.6,2.5,2,1
223,14.3,2.5,2,1
224,17.9,2,2,1
225,13.7,1.8,2,1
226,16.1,2.3,2,1
227,15,2.3,2,1
228,14.2,2.1,2,1
229,14.5,2.3,2,1
230,15,2.1,2,1
230,15,2.1,2,1
231,13.5,2.1,2,1
231,20.9,2.3,2,1
232,18,2.2,2,1
232,18.4,2.2,2,1
233,15.5,2.1,2,1
233,15,2.1,2,1
234,20.3,2.7,2,1
235,18.6,2.3,2,1
236,17.5,2.3,2,1
237,17.4,2.3,2,1
238,14.8,2.3,2,1
239,17.1,2.2,2,1
239,20.3,2.3,2,1
240,17.4,2.2,2,1
240,20.5,2.3,2,1
241,19.8,2.5,2,1
242,16.8,2.3,2,1
243,16.1,2.2,2,1
243,18.7,2.2,2,1
244,14.7,2.3,2,1
245,16.7,2.2,2,1
246,19.9,2.2,2,1
246,23.7,2.3,2,1
247,18.2,2.3,2,1
248,17.7,2.2,2,1
248,19.5,2.2,2,1
249,16.2,2.2,2,1
249,22.8,2.3,2,1
250,16.1,2.5,2,1
250,16.6,2.5,2,1
251,19.1,2.3,2,1
252,21.1,2.3,2,1
253,17.6,2.3,2,1
254,19.7,2.2,2,1
255,19.1,2.3,2,1
256,17.8,2.3,2,1
257,16.4,2.3,2,1
258,18.2,2.3,2,1
259,15.6,2.3,2,1
260,15.5,2.3,2,1
261,14.4,2.7,2,1
262,15.1,2.3,2,1
263,14.7,2.3,2,1
264,17.5,2.2,2,1
264,17.4,2.7,2,1
250,16.7,2.5,2,1
251,14.3,2.5,2,1
252,14.2,2.5,2,1
253,18.2,2.5,2,1
254,14,2.3,2,1
255,14.5,1.6,2,1
255,12.5,2.3,2,1
256,13.5,2,2,1
256,18.3,2.5,2,1
257,15,2.3,2,1
258,15,2.3,2,1
259,15,2.7,2,1
260,11.9,2.6,2,1
261,16.9,2.5,2,1
262,18.2,2.3,2,1
263,12.6,2.6,2,1
263,15,2.9,2,1
264,18,2.3,2,1
264,17.4,3.2,2,1
265,13.5,3.2,2,1
266,13.2,2.3,2,1
267,11.6,2.3,2,1
268,12.2,2.5,2,1
269,11.9,2.3,2,1
270,13,2.1,2,1
272,8.4,2.3,2,1
273,11.6,2.1,2,1
273,8.2,2.3,2,1
274,9.7,2.3,2,1
274,13.1,2.3,2,1
275,11.9,2.3,2,1
276,5.8,2.6,2,1
276,12.4,2.5,2,1
277,16.7,2.3,2,1
277,13.9,2.3,2,1
278,10.9,2.3,2,1
279,13.2,2.3,2,1
279,17.6,2.7,2,1
280,9.8,2.3,2,1
281,11.3,2.5,2,1
282,11.9,2.6,2,1
283,10.1,2.5,2,1
284,8.4,2.3,2,1
285,6.7,1.8,2,1
286,7.5,2.3,2,1
286,5.2,1.8,2,1
287,8.7,2.5,2,1
288,7.5,2.5,2,1
289,9,2.5,2,1
290,4.1,2.2,2,1
290,3.7,2.5,2,1
291,6.2,2.6,2,1
292,9.3,2.5,2,1
293,4.5,2,2,1
294,4.6,2.1,2,1
295,6.3,2.1,2,1
296,5.1,2.3,2,1
296,9.7,2.5,2,1
297,4.1,2.5,2,1
299,4.9,2.5,2,1
300,5.4,2.3,2,1
300,6.1,2.5,2,1
301,2.1,2.2,2,1
301,6.3,2.5,2,1
302,3.3,2.2,2,1
303,3.9,2.6,2,1
304,2.7,2.2,2,1
305,2.2,2.2,2,1
306,1,1.6,2,1
306,4,2.1,2,1
307,3.8,2.5,2,1
308,1.5,2.2,2,1
309,2.2,2.7,2,1
310,-1.2,2.1,2,1
310,-4.6,2.7,2,1
311,-1.1,1.6,2,1
311,4.4,2.5,2,1
312,-2.6,2.2,2,1
313,0.6,2.7,2,1
314,-0.4,2.1,2,1
314,4,2.5,2,1
315,-1.4,2.1,2,1
315,4.8,2.5,2,1
316,-3.3,2.5,2,1
317,-0.2,2.5,2,1
318,-3.6,2.5,2,1
319,-3.4,2.5,2,1
320,-4,2.5,2,1
321,-4.6,2.1,2,1
321,4,2.5,2,1
322,-4.6,2.5,2,1
323,-0.4,2.5,2,1
324,-6.3,2.5,2,1
325,-0.5,2.5,2,1
325,-0.9,1.7,2,1
326,-4,1.7,2,1
327,2,2.6,2,1
328,-2.9,2.5,2,1
328,-2.3,2.2,2,1
329,-2.3,2.2,2,1
330,2,2.2,2,1
330,-3.9,2.6,2,1
331,-0.3,2.2,2,1
332,-1.5,2.2,2,1
333,-4.2,2.5,2,1
334,-5.4,2.2,2,1
335,-0.8,2.2,2,1
335,-8.4,2.5,2,1
336,-1.3,2.5,2,1
337,-5.2,2.2,2,1
338,-1.4,2.5,2,1
339,-6.2,2.5,2,1
339,-6.6,2.5,2,1
340,-2.7,2.5,2,1
341,-3.1,2.1,2,1
342,0,2.5,2,1
342,-7.2,2.7,2,1
343,-4.8,2.6,2,1
344,-4.9,2.6,2,1
344,-2.6,2.5,2,1
344,-7,2.7,2,1
345,-2.6,2.6,2,1
345,-8.2,2.6,2,1
346,-3.6,2.5,2,1
346,-10.4,2.2,2,1
347,-4.3,2.5,2,1
348,-2,2.5,2,1
349,-3.2,2.6,2,1
349,-0.1,2.2,2,1
350,-0.5,2.2,2,1
350,2,2.2,2,1
351,-1,2.2,2,1
352,0.5,2.2,2,1
353,-1.5,2.5,2,1
354,-0.4,2.2,2,1
355,2.2,2.2,2,1
356,2.5,2.2,2,1
357,0.5,2.1,2,1
358,-0.4,2.6,2,1
359,3.7,2.2,2,1
360,4.5,2.3,2,1
361,3.7,2.2,2,1
362,1.1,2.2,2,1
363,1.3,2.2,2,1
364,2.5,2.2,2,1
365,3.7,2.5,2,1
366,0.8,2.2,2,1
367,4.1,2.1,2,1
368,3.1,2.2,2,1
369,-0.3,2.2,2,1
370,3.6,2.2,2,1
371,2.4,2.2,2,1
372,5.2,2.3,2,1
373,3.3,2.5,2,1
374,1.8,2.2,2,1
375,3.9,2.2,2,1
376,4,2.2,2,1
377,7.9,2.5,2,1
378,6.3,2.3,2,1
379,5.4,2.5,2,1
380,6.5,2.5,2,1
381,5.6,2.3,2,1
382,4.4,2.5,2,1
383,7.4,2.3,2,1
383,0.3,2.5,2,1
384,5.5,2.3,2,1
384,10.8,2.3,2,1
385,7,2.5,2,1
386,5.5,2.6,2,1
387,5.1,2.3,2,1
388,5.9,2.3,2,1
389,6.9,2.5,2,1
390,3.1,2.5,2,1
391,7.5,2.3,2,1
392,8.5,2.3,2,1
393,5.6,2.5,2,1
394,9.1,2.5,2,1
395,9.4,2.1,2,1
396,9.2,2.3,2,1
397,7.3,2.3,2,1
398,13.3,2.6,2,1
399,9.7,2.6,2,1
400,9,2.3,2,1
400,7.3,2.3,2,1
400,12.7,2.8,2,1
401,11.6,2.8,2,1
402,12.1,2.3,2,1
403,12.6,2.3,2,1
404,8.8,2.5,2,1
405,11,2.3,2,1
406,8.7,2.3,2,1
407,10.2,2.1,2,1
408,11.1,2.3,2,1
408,8.8,2.3,2,1
409,14.5,2.1,2,1
409,9.9,2.1,2,1
410,13.1,2.3,2,1
410,7.3,2.3,2,1
411,15,2.3,2,1
411,9.2,2.6,2,1
412,12.6,2.5,2,1
412,12.2,2.3,2,1
413,14.6,2.3,2,1
413,16.5,2.2,2,1
414,12.4,2.5,2,1
414,10.4,2.3,2,1
415,13.1,2.3,2,1
415,11.6,2.3,2,1
416,13.4,2.5,2,1
416,9,2.3,2,1
417,13.4,2.1,2,1
417,11,2.3,2,1
418,14.8,2.5,2,1
418,14.2,2.3,2,1
419,14.3,2.1,2,1
420,11.5,2.3,2,1
421,12.8,2.3,2,1
422,12.5,2.1,2,1
423,11.5,2.3,2,1
424,12.4,2.3,2,1
425,6,2.5,2,1
425,15,2.3,2,1
426,10,2.3,2,1
427,10.1,2.3,2,1
428,9.1,2.6,2,1
429,11,2.6,2,1
430,8.5,2.3,2,1
431,6.5,2.6,2,1
433,11.6,2.3,2,1
434,9.2,2.3,2,1
435,8.5,2.1,2,1
436,10,2.3,2,1
437,10.5,2.3,2,1
438,10,2.3,2,1
439,6.9,2.1,2,1
440,8.6,2.3,2,1
1490,-14.1,2.6,24,1
1491,-15,2.6,24,1
1492,-19,2.6,24,1
1493,-12.5,2.5,24,1
1494,-14.6,2.5,24,1
1495,-14.7,2.5,24,1
1496,-15.5,2.5,24,1
1497,-12.2,2.3,24,1
1498,-22.2,2.3,24,1
1499,-13.8,2.5,24,1
1500,-13.9,2.5,24,1
1501,-14.1,2.5,24,1
1502,-13,2.5,24,1
1503,-13.2,2.5,24,1
1504,-13.3,2.3,24,1
1505,-12.2,2.3,24,1
1506,-13.1,2.3,24,1
1507,-13.5,2.5,24,1
1508,-17.8,2.3,24,1
1509,-18.8,2.2,24,1
1510,-15.6,2.3,24,1
1511,-10.4,2.5,24,1
1512,-11.8,2.3,24,1
1513,-15.7,2.3,24,1
1514,-10.5,2.2,24,1
1515,-17,2.2,24,1
1516,-19.1,2.2,24,1
1517,-15.3,2.2,24,1
1518,-17.9,2.3,24,1
1519,-14,2.2,24,1
1520,-20.1,2.2,24,1
1521,-17.6,2.2,24,1
1522,-14.1,2.2,24,1
1523,-14.6,2.2,24,1
1524,-18.1,2.2,24,1
1525,-16.3,2.2,24,1
1526,-14.6,2.2,24,1
1527,-16.2,2.2,24,1
1528,-19.1,2.2,24,1
1529,-16.6,2.2,24,1
1530,-15.5,2.2,24,1
1531,-14,2.2,24,1
1532,-19.1,2.2,24,1
1533,-16.8,2.2,24,1
1534,-20,2.2,24,1
1535,-18.5,2.1,24,1
1536,-20.3,2.6,24,1
1537,-25.9,2.3,24,1
1538,-20.9,2.6,24,1
1539,-18.8,2.6,24,1
1540,-20,2.1,24,1
1541,-18,2.1,24,1
1542,-23.4,2.1,24,1
1543,-24.8,2.1,24,1
1544,-18.8,2.2,24,1
1545,-23.6,2.1,24,1
1546,-21.5,2.2,24,1
1547,-23.2,2.2,24,1
1548,-26.6,2.1,24,1
1549,-25.2,2.2,24,1
1550,-26.1,2.1,24,1
1551,-22,2.4,24,1
1552,-27.2,2.3,24,1
1553,-21.3,2.4,24,1
1554,-23,2.3,24,1
1555,-20.8,2.3,24,1
1556,-24.1,2.4,24,1
1557,-26.7,2.3,24,1
1558,-22.2,2.4,24,1
1559,-25.3,2.3,24,1
1560,-23.1,2.4,24,1
1561,-21.4,2.4,24,1
1562,-22.8,2.3,24,1
1563,-23.3,2.3,24,1
1564,-18.8,2.3,24,1
1565,-19.4,2.3,24,1
1566,-22.2,2.3,24,1
1567,-19.8,2.4,24,1
1568,-18.9,2.3,24,1
1569,-21.8,2.4,24,1
1570,-22.1,2.3,24,1
1571,-21.5,2.3,24,1
1572,-23.2,2.3,24,1
1573,-23.6,2.3,24,1
1574,-20.8,2.3,24,1
1575,-20.1,2.3,24,1
1576,-14.9,2.6,24,1
1577,-22.8,2.3,24,1
1578,-20.5,2.3,24,1
1579,-24.5,2.3,24,1
1580,-21.9,2.3,24,1
1581,-20.3,2.3,24,1
1582,-19,2.3,24,1
1583,-20.5,2.4,24,1
1584,-17.9,2.3,24,1
1585,-17.7,2.4,24,1
1586,-20.6,2.3,24,1
1587,-19.9,2.4,24,1
1588,-16.3,2.4,24,1
1589,-22.5,2.3,24,1
1590,-23.2,2.3,24,1
1591,-24.6,2.3,24,1
1592,-22.4,2.2,24,1
1593,-17.5,2.2,24,1
1594,-23.3,2.3,24,1
1595,-20.3,2.2,24,1
1596,-17.7,2.2,24,1
1597,-16.8,2.3,24,1
1598,-20.1,2.3,24,1
1599,-17.7,2.4,24,1
1600,-21,2.3,24,1
1603,-20.4,2.2,24,1
1604,-25,2.1,24,1
1605,-23.2,2.3,24,1
1606,-25.5,2.2,24,1
1607,-21.7,2.1,24,1
1608,-15.6,2.2,24,1
1609,-23.3,2.2,24,1
1610,-17.2,2.6,24,1
1611,-17.6,2.2,24,1
1612,-21.7,2.1,24,1
1613,-24.7,2.1,24,1
1615,-22,2.1,24,1
1616,-22.5,2.1,24,1
1617,-23.9,2.1,24,1
1618,-18.8,2.1,24,1
1620,-14.6,2.5,24,1
1621,-20.8,2.2,24,1
1623,-16,2.2,24,1
1624,-22.6,2.1,24,1
1625,-23.7,2.2,24,1
1626,-26.2,2.1,24,1
1627,-24.5,2.1,24,1
1628,-24.6,2.1,24,1
1629,-23.1,2.1,24,1
1630,-21.2,2.1,24,1
1631,-19.4,2.1,24,1
1632,-19.7,2.2,24,1
1633,-24.5,2.2,24,1
1634,-24,2.2,24,1
1635,-22.9,2.2,24,1
1636,-23.8,2.3,24,1
1637,-24,2.2,24,1
1638,-23.4,2.2,24,1
1639,-23.2,2.2,24,1
1640,-19.6,2.3,24,1
1641,-21.6,2.1,24,1
1644,-22.2,2.2,24,1
1645,-23.1,2.2,24,1
1646,-22.2,2.1,24,1
1647,-24.3,2.2,24,1
1648,-24.2,2.2,24,1
1649,-24.8,2.1,24,1
1650,-23,2.1,24,1
1651,-18.9,2.6,24,1
1652,-22.2,2.9,24,1
1653,-20.9,2.6,24,1
1654,-22,2.6,24,1
1655,-22.1,2.6,24,1
1656,-19.2,2.6,24,1
1657,-19,2.6,24,1
1658,-19.2,2.7,24,1
1659,-21.9,2.6,24,1
1660,-23.1,2.4,24,1
1464,-17.8,1.5,24,2
1465,-18.1,1.6,24,2
1466,-20.3,1.7,24,2
1467,-18.4,1.6,24,2
1468,-17.7,1.6,24,2
1469,-15.9,1.7,24,2
1470,-17.2,1.6,24,2
1471,-18.9,1.7,24,2
1472,-21.7,1.5,24,2
1473,-19.4,1.6,24,2
1474,-20.4,1.6,24,2
1476,-18.3,1.7,24,2
1477,-22.4,1.6,24,2
1478,-20.4,1.7,24,2
1479,-18.7,1.6,24,2
1480,-19.3,1.6,24,2
1481,-17.6,2,24,2
1482,-17.9,1.8,24,2
1483,-16.4,1.8,24,2
1484,-19,2,24,2
1485,-15.7,1.8,24,2
1486,-19.1,1.8,24,2
1487,-20.5,1.8,24,2
1488,-19,1.8,24,2
1489,-17.9,1.8,24,2
1490,-16.2,2,24,2
1491,-16.3,1.8,24,2
1492,-15.5,1.8,24,2
1493,-14.9,1.8,24,2
1494,-17.9,1.8,24,2
1495,-19.3,1.8,24,2
1496,-16.2,1.8,24,2
1497,-15.8,1.8,24,2
1498,-17.6,1.8,24,2
1499,-14.7,1.8,24,2
1500,-18.1,1.8,24,2
1501,-18.2,2,24,2
1502,-15.9,1.8,24,2
1503,-13.9,1.8,24,2
1504,-11.1,1.8,24,2
1505,-15,1.8,24,2
1506,-12.4,1.8,24,2
1508,-14,1.8,24,2
1509,-13.7,1.8,24,2
1510,-14.5,2.2,24,2
1511,-13.4,2.2,24,2
1512,-17.1,2.2,24,2
1513,-16.6,2.2,24,2
1514,-14.6,2.2,24,2
1515,-13.7,2.2,24,2
1516,-14.6,2.2,24,2
1517,-18.1,2.2,24,2
1518,-15.9,2.1,24,2
1519,-16.2,2.1,24,2
1520,-15.9,2.2,24,2
1521,-12.7,2.2,24,2
1522,-16.8,2.4,24,2
1523,-17.5,2.2,24,2
1524,-17.9,2.2,24,2
1525,-18.9,2.2,24,2
1526,-15.3,2.2,24,2
1527,-15.6,2.2,24,2
1528,-21.3,2.2,24,2
1529,-18.3,2.2,24,2
1530,-15.3,2.2,24,2
1531,-14.5,2.3,24,2
1532,-17.6,2.2,24,2
1533,-19.9,2.3,24,2
1534,-19.5,2.2,24,2
1535,-20,2.2,24,2
1536,-17.9,2.3,24,2
1537,-22.8,2.2,24,2
1538,-20.5,2.2,24,2
1539,-22.6,2.2,24,2
1540,-19.9,2.1,24,2
1541,-21.7,2.1,24,2
1542,-17.8,2.1,24,2
1543,-19.6,2,24,2
1544,-19.3,2.1,24,2
1545,-23.8,2.1,24,2
1546,-20.4,2.1,24,2
1547,-24.4,2.1,24,2
1548,-23.2,2.1,24,2
1549,-23.7,2.1,24,2
1550,-21,2.1,24,2
1551,-23.1,2.1,24,2
1552,-25.5,1.9,24,2
1553,-22,2.1,24,2
1554,-19.6,2.1,24,2
1557,-21.7,2.1,24,2
1558,-19.4,2.1,24,2
1559,-20.1,2.1,24,2
1560,-26.3,2.1,24,2
1561,-23.3,2.1,24,2
1562,-21.9,2.1,24,2
1563,-23.5,2.1,24,2
1564,-21.6,2.1,24,2
1566,-22.2,2.1,24,2
1567,-18.2,2.1,24,2
1568,-19.5,2.1,24,2
3567,15.3,2.8,42,1
3568,13.3,2.8,42,1
3569,16.8,2.8,42,1
3570,11,2.8,42,1
3571,10.1,3,42,1
3572,13.4,3.3,42,1
3573,9.8,3.4,42,1
3574,9.9,3,42,1
3575,10,2.9,42,1
3576,10.5,3,42,1
3577,12.1,3,42,1
3578,9.6,2.9,42,1
3579,12.3,2.9,42,1
3580,14.7,3.2,42,1
3581,11.9,3,42,1
3582,14,3.2,42,1
3583,13.5,2.9,42,1
3584,11.7,2.9,42,1
3585,10.5,3.4,42,1
3586,11.9,3,42,1
3587,14.1,3.2,42,1
3588,10.5,3,42,1
3589,8.7,3.1,42,1
3590,15.5,2.9,42,1
3591,15.4,2.9,42,1
3592,13,3.3,42,1
3593,14,3.8,42,1
3594,14.9,2.9,42,1
3595,8.9,3,42,1
3596,8.7,3.3,42,1
3597,8,2.8,42,1
3598,10.6,2.8,42,1
3599,10.7,2.8,42,1
3600,11.7,2.8,42,1
3601,11.5,2.8,42,1
3602,13.4,2.8,42,1
3603,15.8,2.8,42,1
3604,16,2.8,42,1
3605,14.7,2.8,42,1
3606,11.3,2.8,42,1
3607,14,2.8,42,1
3608,17.3,2.8,42,1
3609,15.8,2.8,42,1
3610,13.5,2.6,42,1
3611,21.5,2.8,42,1
3612,16.1,2,42,1
3613,20.2,1.8,42,1
3614,15.8,2,42,1
3615,15.3,1.8,42,1
3616,16.5,1.9,42,1
3617,18.1,2,42,1
3618,15.9,1.8,42,1
3619,18.8,1.9,42,1
3450,13.1,2.8,42,1
3451,15.4,3.2,42,1
3452,13,2.8,42,1
3453,14.9,2.9,42,1
3455,15.2,4.7,42,1
3457,11.7,2.8,42,1
3458,8.4,2.8,42,1
3459,11.6,2.8,42,1
3460,8,2.5,42,1
3461,10.8,3,42,1
3462,14.2,2.7,42,1
3463,13.2,2.5,42,1
3464,14.3,2.9,42,1
3465,12.3,2.8,42,1
3466,13.2,3.2,42,1
3467,11.4,2.6,42,1
3468,12.4,2.9,42,1
3469,11.1,3.1,42,1
3470,11.1,2.6,42,1
3471,7.1,2.6,42,1
3472,4.1,2.6,42,1
3473,8.2,2.6,42,1
3474,6.3,2.9,42,1
3475,12.8,2.8,42,1
3476,14.3,3.5,42,1
3477,16.5,2.9,42,1
3478,13.5,2.8,42,1
3479,14.5,2.9,42,1
3480,13.7,2.8,42,1
3481,11.2,2.5,42,1
3482,7.9,2.5,42,1
3483,8.2,2.5,42,1
3484,12.2,2.5,42,1
3485,11,2.5,42,1
3486,14.4,2.5,42,1
3487,11.5,2.8,42,1
3488,12.3,2.6,42,1
3489,9.6,2.6,42,1
3490,10.1,2.6,42,1
3491,9.4,2.8,42,1
3492,9.3,3.3,42,1
3493,3.8,2.6,42,1
3494,6.8,3.4,42,1
3495,5.5,2.6,42,1
3496,7.6,2.6,42,1
3497,8.9,2.9,42,1
3498,8.8,3.1,42,1
3499,4,2.6,42,1
3500,8.8,2.8,42,1
3501,11.4,2.5,42,1
3502,10.1,2.5,42,1
3503,5.6,3,42,1
3504,11.5,2.8,42,1
3505,10.3,2.9,42,1
3506,19.5,3,42,1
3507,13,2.9,42,1
3508,12,3.5,42,1
3509,14.3,3,42,1
3510,10.7,2.6,42,1
3511,8.6,3,42,1
3512,9.1,3,42,1
3513,11.5,3.1,42,1
3514,8.8,3.6,42,1
3515,12.9,2.8,42,1
3516,13.4,2.8,42,1
3517,10.8,2.8,42,1
3518,16,3.5,42,1
3519,12.5,3.2,42,1
3520,8.1,3.4,42,1
3521,11.3,3.1,42,1
3522,8.8,3.1,42,1
3523,10.6,3.1,42,1
3524,12.7,3.3,42,1
3525,13.1,3.2,42,1
3526,12.3,5.5,42,1
3527,17,3.5,42,1
3528,11.7,2.9,42,1
3529,12.6,2.9,42,1
3530,12.6,1.6,42,1
3531,12.7,1.6,42,1
3532,13.3,1.6,42,1
3533,11.5,1.8,42,1
3534,12.7,1.6,42,1
3535,16.6,1.8,42,1
3536,15.1,1.6,42,1
3537,16.8,1.6,42,1
3538,16.3,2.3,42,1
3539,16.3,1.6,42,1
3540,13.5,1.6,42,1
3541,14.4,1.6,42,1
3542,14.9,1.6,42,1
3543,17.1,1.8,42,1
3544,20,3.2,42,1
3545,16.8,1.6,42,1
3546,17.8,1.6,42,1
3547,16.4,2.3,42,1
3548,21.6,3.7,42,1
3549,18.2,1.8,42,1
3550,16.3,1.5,42,1
3551,15.5,1.6,42,1
3552,18.7,2,42,1
3553,16.4,1.6,42,1
3554,12.7,1.5,42,1
3555,18.7,1.6,42,1
3556,15.9,1.6,42,1
3557,16.4,1.8,42,1
3558,15.4,1.8,42,1
3559,14.5,1.6,42,1
3560,14.3,1.6,42,1
3561,17.2,2.4,42,1
3562,14.8,1.6,42,1
3563,14.8,1.9,42,1
3564,16.4,1.9,42,1
3565,9.7,2.6,42,1
3566,13.2,2.9,42,1
3620,13.9,3.4,42,1
3621,14.5,2.8,42,1
3622,15.1,3.3,42,1
3623,17,2.8,42,1
3624,17.1,2.8,42,1
3625,15,2.8,42,1
3626,15.8,2.8,42,1
3627,21.8,2.8,42,1
3628,17,2.8,42,1
3629,19.9,3.2,42,1
3630,18.8,2.8,42,1
3631,16.2,1.9,42,1
3632,18.5,2.3,42,1
3633,16.2,1.8,42,1
3634,18.5,2,42,1
3635,19.9,5,42,1
3636,22.3,3.7,42,1
3637,17.7,3,42,1
3638,21,3.1,42,1
3639,13.3,3,42,1
3640,18.4,3.2,42,1
3641,12,2.8,42,1
3642,13.8,2.9,42,1
3643,13.5,2.8,42,1
3644,16.8,3.9,42,1
3645,18,3,42,1
3646,13.9,2.8,42,1
3647,16.4,3,42,1
3648,15.7,2.8,42,1
3649,15,3,42,1
3462,13.8,2.8,42,1
3464,13,2.9,42,1
3466,18.2,2.9,42,1
3467,16.2,2.9,42,1
3468,7.9,3,42,1
3469,12.4,2.9,42,1
3470,15.9,2.8,42,1
3472,14.3,2.9,42,1
3473,12.5,2.9,42,1
3474,13.8,2.8,42,1
3475,15.4,3,42,1
3476,14.4,2.8,42,1
3478,18.7,3,42,1
3480,15.8,3.2,42,1
3482,13.5,2.9,42,1
3483,10.2,2.8,42,1
3485,18.7,2.8,42,1
3487,10.7,2.8,42,1
3489,9.9,2.8,42,1
3491,8.7,2.8,42,1
3493,9,2.8,42,1
3495,7.8,3,42,1
3580,7.7,2.4,42,1
3581,10.4,2.4,42,1
3582,16.5,2.4,42,1
3583,11,2.4,42,1
3584,10.7,2.4,42,1
3585,14.6,2.4,42,1
3586,13.2,2.5,42,1
3587,12.7,2.4,42,1
3588,12.1,2.5,42,1
3589,9.6,2.4,42,1
3590,13,2.6,42,1
3591,11.1,2.4,42,1
3592,11.2,2.9,42,1
3593,13.8,2.5,42,1
3594,10.2,2.6,42,1
3595,12.1,2.4,42,1
3596,6.2,2.4,42,1
3597,13.8,2.9,42,1
3598,10.6,2.9,42,1
3599,11.9,2.8,42,1
3600,13.4,2.9,42,1
3601,16.6,2.9,42,1
3602,15.1,2.5,42,1
3603,17.9,3,42,1
3604,12.4,2.6,42,1
3605,12.5,2.6,42,1
3606,13.7,2.6,42,1
3607,14.3,2.7,42,1
3608,15.7,2.7,42,1
3609,16.3,3.3,42,1
3610,17.3,2.7,42,1
3611,18,2.7,42,1
3612,22.3,2.8,42,1
3613,20.4,2.7,42,1
3614,19.2,2.7,42,1
3615,22.6,2.7,42,1
3618,17,2.8,42,1
3619,17.9,3.5,42,1
3620,14.3,3.4,42,1
3621,18.2,3.2,42,1
3622,17.8,3.7,42,1
3623,19.1,2.8,42,1
3624,18.3,2.8,42,1
3625,16.4,2.8,42,1
3626,17.6,2.7,42,1
3627,20.1,2.7,42,1
3628,18.4,2.7,42,1
3504,13.9,2.8,42,1
3505,12.9,2.8,42,1
3506,16.3,2.9,42,1
3507,14.9,2.8,42,1
3526,17,3.2,42,1
3527,11.3,2.6,42,1
3528,11.9,3.3,42,1
3529,11.9,2.6,42,1
3530,16.2,5.9,42,1
3531,12.6,3.2,42,1
3532,16.1,4,42,1
3533,13.4,3,42,1
3534,14.3,2.9,42,1
3535,14.4,3.2,42,1
3536,13,3,42,1
3537,11.4,2.9,42,1
3538,16.1,2.7,42,1
3539,13,3.2,42,1
3540,14.4,3.2,42,1
3541,17.3,3.5,42,1
3542,15,2.7,42,1
3543,17.7,3.2,42,1
3544,18.3,3.2,42,1
3545,17.7,3.2,42,1
3546,17.6,3.3,42,1
3547,17.9,4.9,42,1
3548,14.5,4.3,42,1
3549,14.8,4.4,42,1
3550,15.3,4,42,1
3551,16.5,6.1,42,1
3552,18.3,4.1,42,1
3553,18.5,4.2,42,1
3554,14.5,2.7,42,1
3555,19.3,2.7,42,1
3556,18.8,2.9,42,1
3557,18.3,2.7,42,1
3558,18.7,2.7,42,1
3559,16.7,3.4,42,1
3560,18.1,2.7,42,1
3561,17.9,2.7,42,1
3562,17.8,3.2,42,1
3563,16.2,2.7,42,1
3564,13.2,2.5,42,1
3565,17.5,3.3,42,1
3566,16.3,2.9,42,1
3567,16.8,4.7,42,1
3568,17.1,3,42,1
3569,12.2,3,42,1
3570,13.4,2.8,42,1
3571,13.9,2.9,42,1
3572,18,3,42,1
3573,17.6,2.5,42,1
3574,12.8,2.4,42,1
3575,12.1,2.5,42,1
3576,6.1,3,42,1
3577,12.3,2.8,42,1
3578,10.6,2.8,42,1
3579,13.3,2.9,42,1
17,-18.2,1.7,69,-1
18,-19.3,1.6,69,-1
19,-17.8,1.7,69,-1
20,-19.2,1.6,69,-1
20,-18.9,1.6,69,-1
21,-18,1.6,69,-1
22,-20.3,1.6,69,-1
23,-17.4,1.6,69,-1
24,-16.3,1.6,69,-1
24,-19.2,1.6,69,-1
25,-15.3,1.6,69,-1
26,-14.9,1.6,69,-1
27,-14.6,1.6,69,-1
28,-17,1.5,69,-1
28,-14.1,1.6,69,-1
29,-13.6,1.7,69,-1
30,-15.4,1.7,69,-1
31,-14.7,1.6,69,-1
32,-13.7,1.6,69,-1
32,-12.7,1.6,69,-1
33,-12.9,1.6,69,-1
34,-12.6,1.6,69,-1
35,-10.8,1.6,69,-1
36,-11.4,1.6,69,-1
36,-12.9,1.6,69,-1
37,-12,1.6,69,-1
38,-10.7,1.6,69,-1
39,-11.6,1.6,69,-1
40,-10.2,1.6,69,-1
40,-12.8,1.7,69,-1
41,-11.7,1.7,69,-1
42,-11.2,1.7,69,-1
43,-8.8,1.6,69,-1
44,-9.9,1.6,69,-1
44,-9.9,1.6,69,-1
45,-7.5,1.7,69,-1
46,-9.6,1.7,69,-1
47,-4,1.7,69,-1
48,-7,1.6,69,-1
48,-5.3,1.6,69,-1
49,-5.8,1.7,69,-1
50,-9.8,1.6,69,-1
51,-4.9,1.6,69,-1
52,-8,1.6,69,-1
52,-6.3,1.6,69,-1
53,-6.4,1.6,69,-1
54,-9.5,1.6,69,-1
55,-5.3,1.6,69,-1
56,-5.2,1.6,69,-1
56,-2.7,1.6,69,-1
57,-2.4,1.6,69,-1
58,-6.3,1.6,69,-1
59,-4.4,1.6,69,-1
60,-8.3,1.6,69,-1
60,-5.3,1.6,69,-1
61,-4.8,1.6,69,-1
62,-9.1,1.6,69,-1
63,-5.6,1.6,69,-1
64,-8.9,1.6,69,-1
64,-6.9,1.6,69,-1
65,-5.2,1.6,69,-1
66,-7.9,1.6,69,-1
67,-8,1.6,69,-1
68,-5.3,1.6,69,-1
68,-6.7,1.6,69,-1
69,-5.6,1.6,69,-1
70,-5.6,1.6,69,-1
71,-9.3,1.6,69,-1
72,-8.6,1.6,69,-1
72,-9.2,1.6,69,-1
73,-8.1,1.6,69,-1
74,-8.9,1.6,69,-1
75,-8.1,1.6,69,-1
76,-8,1.6,69,-1
76,-8.9,1.6,69,-1
77,-8.8,1.6,69,-1
78,-7.8,1.6,69,-1
79,-6,1.6,69,-1
80,-7.4,1.6,69,-1
80,-6.6,1.6,69,-1
81,-4.5,1.6,69,-1
82,-5.9,1.6,69,-1
83,-7.6,1.6,69,-1
84,-5.9,1.6,69,-1
84,-7.7,1.6,69,-1
85,-5.5,1.6,69,-1
86,-9.2,1.6,69,-1
87,-7.7,1.6,69,-1
88,-5.5,1.6,69,-1
88,-4.9,1.6,69,-1
89,-5.4,1.6,69,-1
90,-4.9,1.6,69,-1
91,-4.2,1.6,69,-1
92,-7.5,1.6,69,-1
92,-4.8,1.6,69,-1
93,-2.4,1.6,69,-1
94,-5.5,1.6,69,-1
95,-6.7,1.6,69,-1
96,-6.7,1.6,69,-1
96,-4.4,1.6,69,-1
97,-2.8,1.6,69,-1
98,-5.9,1.6,69,-1
99,-4.3,1.6,69,-1
100,-3.3,1.7,69,-1
100,-1.7,1.6,69,-1
100,-3.1,1.6,69,-1
101,-3.5,1.7,69,-1
102,-4.2,1.6,69,-1
103,-3.2,1.7,69,-1
104,-4.2,1.6,69,-1
105,-2.9,1.7,69,-1
106,-4.5,1.6,69,-1
107,-3.7,1.7,69,-1
108,-3.6,1.6,69,-1
109,-3,1.6,69,-1
110,-4,1.6,69,-1
111,-1.6,1.6,69,-1
112,-4,1.6,69,-1
113,0,1.6,69,-1
114,-1.3,1.6,69,-1
115,-1.8,1.6,69,-1
116,-1.8,1.6,69,-1
117,1.3,1.6,69,-1
118,1.8,1.6,69,-1
119,2.2,1.6,69,-1
120,1.9,1.6,69,-1
121,2.8,1.6,69,-1
122,4.7,1.6,69,-1
123,2.3,1.6,69,-1
124,4.3,1.6,69,-1
125,4.4,1.6,69,-1
126,2.4,1.6,69,-1
127,0.5,1.6,69,-1
128,2.3,1.6,69,-1
129,3.9,1.7,69,-1
130,1.5,1.7,69,-1
131,4.4,1.8,69,-1
132,2.7,1.7,69,-1
133,4,1.7,69,-1
134,2.1,1.7,69,-1
135,0.8,1.7,69,-1
136,6.3,1.8,69,-1
137,3.8,1.7,69,-1
138,5.4,1.8,69,-1
139,2.9,1.7,69,-1
140,1.3,1.7,69,-1
141,-0.4,1.7,69,-1
142,-1.5,1.7,69,-1
143,-2.7,1.7,69,-1
144,-2.4,1.7,69,-1
145,-1.1,1.7,69,-1
146,-1.9,1.7,69,-1
147,-2.6,1.7,69,-1
148,-0.6,1.7,69,-1
149,2,1.7,69,-1
150,-1.6,1.7,69,-1
151,0,1.7,69,-1
152,-2,1.7,69,-1
153,-3.8,1.7,69,-1
154,-6.2,1.7,69,-1
155,-6.6,1.7,69,-1
156,-8.5,1.6,69,-1
157,-11.9,1.6,69,-1
158,-9.8,1.6,69,-1
159,-8.5,1.6,69,-1
160,-11.1,1.6,69,-1
161,-10.5,1.6,69,-1
162,-5.9,1.6,69,-1
163,-9.5,1.6,69,-1
164,-4.4,1.6,69,-1
165,-5,1.6,69,-1
166,-5.9,1.6,69,-1
167,-5.6,1.6,69,-1
168,-5.2,1.6,69,-1
169,-4.8,1.6,69,-1
170,-3.8,1.6,69,-1
171,-4.7,1.6,69,-1
172,-3,1.6,69,-1
173,0.4,1.6,69,-1
174,0,1.6,69,-1
175,-1.6,1.6,69,-1
176,1.1,1.6,69,-1
177,-2.6,1.6,69,-1
178,-1.1,1.6,69,-1
179,-4.1,1.6,69,-1
180,-2,1.6,69,-1
181,-1.4,1.6,69,-1
181,-1.8,1.6,69,-1
182,-1.8,1.6,69,-1
182,0,1.6,69,-1
183,0.6,1.6,69,-1
184,-1.3,1.6,69,-1
185,1.7,1.6,69,-1
186,0.2,1.6,69,-1
187,1.8,1.9,69,-1
188,-3.8,1.7,69,-1
188,-0.8,1.6,69,-1
189,3.3,1.9,69,-1
190,0.8,1.9,69,-1
191,1.8,1.9,69,-1
192,6.1,1.9,69,-1
193,5.8,1.9,69,-1
194,4.3,1.6,69,-1
195,2.9,1.9,69,-1
195,2.3,1.6,69,-1
195,0.3,1.6,69,-1
196,3,2,69,-1
196,3.3,2,69,-1
197,0.8,2,69,-1
198,2.5,2,69,-1
199,5,2.1,69,-1
200,0.5,1.9,69,-1
200,0.2,2,69,-1
201,0.7,2,69,-1
202,4.2,2,69,-1
203,1.2,2,69,-1
204,-0.7,1.9,69,-1
204,0.3,2,69,-1
205,2,2,69,-1
205,-2,1.9,69,-1
206,-0.6,1.9,69,-1
206,4,2,69,-1
207,1,2,69,-1
208,1.9,1.9,69,-1
208,2.1,2,69,-1
209,4.4,2,69,-1
210,5.6,2,69,-1
210,6.1,1.9,69,-1
211,3.9,1.6,69,-1
211,4,1.6,69,-1
212,4.1,2,69,-1
212,5.4,2,69,-1
213,8.5,2,69,-1
214,2.6,1.9,69,-1
214,4.2,2.1,69,-1
215,7.5,2.1,69,-1
216,3.5,1.9,69,-1
217,3,1.9,69,-1
218,6.1,1.9,69,-1
218,7.5,2,69,-1
219,5.5,1.9,69,-1
219,1.6,2,69,-1
220,5.3,1.9,69,-1
221,8.6,1.9,69,-1
222,10.7,1.9,69,-1
223,9.3,1.9,69,-1
224,10.7,1.9,69,-1
225,6.8,1.9,69,-1
226,10.1,1.9,69,-1
227,15,1.9,69,-1
228,14.9,1.9,69,-1
229,14.1,1.9,69,-1
230,16,1.9,69,-1
231,13.6,1.9,69,-1
232,16.4,1.6,69,-1
233,18,1.6,69,-1
234,15.9,1.6,69,-1
236,14,1.9,69,-1
237,16.7,1.8,69,-1
238,13.4,1.8,69,-1
239,16.1,1.6,69,-1
240,16.3,1.9,69,-1
241,15.1,1.6,69,-1
242,15.8,1.9,69,-1
243,17.7,1.6,69,-1
244,12.3,1.9,69,-1
245,15.9,1.6,69,-1
246,16.8,1.6,69,-1
247,14.2,2,69,-1
249,18.6,1.6,69,-1
250,14.2,1.6,69,-1
251,17.4,1.6,69,-1
251,13.4,2,69,-1
252,15,1.6,69,-1
252,14.8,2,69,-1
252,12.4,1.6,69,-1
253,17.9,1.9,69,-1
253,15,2,69,-1
254,13.5,2,69,-1
254,15.3,1.6,69,-1
255,14.5,1.6,69,-1
255,13.6,1.6,69,-1
255,13.9,2,69,-1
256,9,2,69,-1
257,11.2,2,69,-1
258,13.1,1.6,69,-1
258,14.9,2,69,-1
259,16.9,2,69,-1
260,13,2.1,69,-1
261,13.1,1.6,69,-1
261,11.6,2,69,-1
262,12,2,69,-1
263,6.8,2,69,-1
264,13,1.6,69,-1
264,7.9,2,69,-1
265,10.3,1.8,69,-1
266,11.8,1.8,69,-1
267,12,1.9,69,-1
267,9.2,2,69,-1
268,14.3,1.9,69,-1
269,12.7,1.8,69,-1
270,10.2,2,69,-1
270,11.6,1.9,69,-1
271,9.7,1.9,69,-1
272,11.7,1.9,69,-1
273,13.1,2,69,-1
273,9,1.8,69,-1
274,8.9,1.8,69,-1
275,12.8,1.8,69,-1
276,13.9,2.1,69,-1
276,10.4,1.8,69,-1
277,11.5,1.8,69,-1
278,9.6,1.8,69,-1
279,10.8,2.1,69,-1
280,10.3,1.8,69,-1
281,8.3,1.8,69,-1
282,9.4,2,69,-1
282,8.1,1.8,69,-1
283,9.4,1.8,69,-1
284,7.9,1.8,69,-1
285,11,2,69,-1
285,6.1,1.8,69,-1
286,10.9,1.8,69,-1
287,7.9,1.8,69,-1
288,8.2,2.1,69,-1
288,7.7,1.8,69,-1
289,7,1.8,69,-1
290,6.2,1.9,69,-1
291,6.1,1.9,69,-1
291,5.1,2,69,-1
292,6.2,1.9,69,-1
293,3.7,1.9,69,-1
294,5.5,1.9,69,-1
294,3.7,1.9,69,-1
295,4.8,1.9,69,-1
296,6.3,1.9,69,-1
297,5.3,2,69,-1
297,3.8,1.9,69,-1
298,4.4,1.9,69,-1
299,8.1,1.9,69,-1
300,3.7,2,69,-1
300,3.7,1.9,69,-1
301,4.9,1.9,69,-1
302,4.7,1.9,69,-1
303,3.3,1.9,69,-1
303,2.2,2,69,-1
304,4.5,1.9,69,-1
306,3.2,1.9,69,-1
306,4.8,1.9,69,-1
307,3.2,1.9,69,-1
308,2.3,1.9,69,-1
309,3.8,1.9,69,-1
309,4.2,1.9,69,-1
310,1.6,1.9,69,-1
311,2.6,1.9,69,-1
312,0.9,2,69,-1
312,-0.6,1.9,69,-1
313,1.3,1.9,69,-1
314,3,1.9,69,-1
315,-1.2,1.7,69,-1
316,1.1,1.9,69,-1
317,0.8,1.9,69,-1
318,-2,1.9,69,-1
318,-0.1,1.7,69,-1
319,-1.6,1.7,69,-1
320,0,1.9,69,-1
321,-3.7,2,69,-1
321,0,1.9,69,-1
322,-2.1,1.9,69,-1
323,0.4,1.9,69,-1
324,-0.6,2,69,-1
324,-0.9,1.9,69,-1
325,1.6,1.9,69,-1
326,3.3,2.1,69,-1
327,0.3,2,69,-1
327,0.2,2,69,-1
328,-1,1.7,69,-1
329,-2.5,1.9,69,-1
330,-3.8,2,69,-1
330,-4.8,1.9,69,-1
331,-2.7,1.9,69,-1
332,-2.2,1.9,69,-1
333,-5.5,2,69,-1
333,-2.9,1.9,69,-1
334,-5,1.7,69,-1
335,-4.3,1.9,69,-1
336,-4,1.9,69,-1
336,-5.8,1.9,69,-1
337,-3.2,1.9,69,-1
338,-0.9,1.9,69,-1
339,-3.8,2,69,-1
339,-2.7,1.9,69,-1
340,-0.9,1.6,69,-1
341,-1.4,1.6,69,-1
342,-1.8,2,69,-1
342,-5,1.6,69,-1
343,-3.1,1.6,69,-1
344,-4.7,1.6,69,-1
345,-2.5,2,69,-1
345,-6.3,1.6,69,-1
346,-3.9,1.6,69,-1
347,-2.1,1.6,69,-1
348,-2.3,2,69,-1
348,-3.8,1.6,69,-1
349,0.3,1.6,69,-1
350,-2.1,1.6,69,-1
351,-3.2,2,69,-1
351,-0.7,1.6,69,-1
352,-0.1,1.6,69,-1
353,-2.6,1.6,69,-1
354,-2,2,69,-1
354,-0.4,1.6,69,-1
355,-1.1,1.6,69,-1
356,-1.9,1.6,69,-1
357,-0.9,2,69,-1
357,-3.1,1.6,69,-1
358,0.1,1.6,69,-1
359,0.1,1.6,69,-1
360,0.6,1.9,69,-1
360,0.1,1.6,69,-1
361,1.6,1.6,69,-1
362,2,1.6,69,-1
363,3.5,1.6,69,-1
363,4.2,1.9,69,-1
364,3.1,1.6,69,-1
365,2.1,1.6,69,-1
366,2.7,2,69,-1
366,1,2,69,-1
367,4.3,1.9,69,-1
368,0.4,1.9,69,-1
369,1.6,2,69,-1
369,3.2,1.9,69,-1
370,4.1,1.9,69,-1
371,3.1,1.9,69,-1
371,6.1,2,69,-1
373,3.9,1.7,69,-1
373,4.9,1.9,69,-1
374,6.4,1.9,69,-1
375,4.9,1.9,69,-1
376,5.9,1.9,69,-1
376,4.2,1.8,69,-1
377,2,1.9,69,-1
378,7.2,1.9,69,-1
379,3.7,1.6,69,-1
379,4.7,1.9,69,-1
380,5.1,1.9,69,-1
381,9.2,1.9,69,-1
382,7.9,1.6,69,-1
382,5.6,1.9,69,-1
383,7.5,1.9,69,-1
384,6.1,2,69,-1
385,5.6,1.8,69,-1
385,5.8,1.9,69,-1
386,3.3,2,69,-1
387,7.5,1.9,69,-1
388,3.7,1.7,69,-1
388,9,2,69,-1
389,5.7,2,69,-1
390,5.7,2,69,-1
391,7.9,1.8,69,-1
391,11.4,2,69,-1
392,6,2,69,-1
393,8.4,1.8,69,-1
394,8.6,1.8,69,-1
394,7.5,1.8,69,-1
395,8,1.5,69,-1
396,7.6,1.6,69,-1
397,10.5,1.8,69,-1
397,8.7,1.6,69,-1
398,9.2,1.6,69,-1
399,7.6,1.6,69,-1
400,8.8,1.8,69,-1
400,12.7,1.6,69,-1
401,10.1,1.6,69,-1
402,7.8,1.8,69,-1
403,11.1,1.8,69,-1
403,10.5,1.8,69,-1
404,9.6,1.6,69,-1
405,14.9,1.6,69,-1
406,10.3,2,69,-1
407,11.2,2,69,-1
408,10.3,1.8,69,-1
408,12.6,2,69,-1
409,10.6,2,69,-1
410,8.8,2,69,-1
411,10.9,1.6,69,-1
411,10.1,2,69,-1
412,13.7,2,69,-1
413,12.3,2,69,-1
414,13.1,1.6,69,-1
414,13.6,1.9,69,-1
415,14.2,2,69,-1
416,12.8,2,69,-1
417,13.2,1.6,69,-1
417,14.4,2,69,-1
418,13.2,2,69,-1
419,12.5,2,69,-1
420,11.5,1.9,69,-1
420,11.4,1.6,69,-1
421,11.4,2,69,-1
422,15.9,2,69,-1
423,11.3,2,69,-1
423,12.5,1.6,69,-1
424,13.2,2,69,-1
425,11.6,2,69,-1
426,11.6,2,69,-1
426,12.1,1.6,69,-1
427,11.1,2,69,-1
428,11.9,2,69,-1
429,10.6,2,69,-1
429,11.5,1.6,69,-1
431,10,1.8,69,-1
432,10.2,1.6,69,-1
432,12.6,1.8,69,-1
433,9.5,1.6,69,-1
434,9,1.6,69,-1
435,11.9,1.8,69,-1
435,11.1,1.8,69,-1
436,12.1,1.6,69,-1
437,11.6,1.6,69,-1
438,11.6,1.8,69,-1
438,13.5,1.6,69,-1
439,9.3,1.8,69,-1
440,12.7,1.6,69,-1
441,11.7,1.9,69,-1
441,13.1,1.8,69,-1
441,10,1.6,69,-1
442,7.4,1.5,69,-1
443,12.2,2,69,-1
444,8.4,1.8,69,-1
444,9.8,1.9,69,-1
445,11.2,1.9,69,-1
446,10.4,1.9,69,-1
447,11.7,1.8,69,-1
447,8.9,1.9,69,-1
448,8.8,1.9,69,-1
449,9.8,1.8,69,-1
450,11.3,2,69,-1
450,11.1,2.3,69,-1
451,11,2,69,-1
452,11.7,2.1,69,-1
452,6.4,2.3,69,-1
453,10.8,2.1,69,-1
453,10.5,1.5,69,-1
454,13.3,2.1,69,-1
454,9,2.3,69,-1
455,12.5,2.1,69,-1
455,8.1,2.3,69,-1
456,14.2,2.1,69,-1
456,10.7,2.3,69,-1
457,13.5,2.3,69,-1
457,10.1,2.1,69,-1
458,8.9,1.6,69,-1
458,12.5,2.1,69,-1
459,10.6,1.8,69,-1
459,11.4,2.1,69,-1
460,11.3,1.6,69,-1
460,12.3,2.1,69,-1
461,14.3,1.6,69,-1
461,9.4,2.1,69,-1
462,13.4,2,69,-1
462,8.5,1.6,69,-1
463,7.7,2.1,69,-1
463,11,1.8,69,-1
464,11.8,2.1,69,-1
464,10.9,1.6,69,-1
465,10.9,2,69,-1
465,11.5,1.8,69,-1
466,12.1,2,69,-1
467,7.2,2.1,69,-1
467,9.9,1.6,69,-1
468,9.9,2,69,-1
468,13.3,1.6,69,-1
469,9.7,2.1,69,-1
469,12.6,1.8,69,-1
470,12.7,1.6,69,-1
471,8.6,1.8,69,-1
472,9.7,1.6,69,-1
473,12.5,1.8,69,-1
474,13,1.6,69,-1
475,11.2,1.8,69,-1
476,11.6,1.6,69,-1
477,7.8,1.6,69,-1
478,7.4,1.6,69,-1
479,8.9,1.6,69,-1
480,9.4,1.6,69,-1
481,10.8,1.6,69,-1
482,10.9,1.9,69,-1
482,11.1,1.6,69,-1
483,10.6,1.9,69,-1
484,8.2,1.6,69,-1
485,8.3,2,69,-1
486,10.5,1.6,69,-1
487,13.2,1.9,69,-1
488,10.3,1.6,69,-1
488,11,2,69,-1
489,11.5,1.6,69,-1
490,8.1,2.8,69,-1
490,9.8,1.9,69,-1
490,8.8,1.6,69,-1
491,9.8,1.6,69,-1
492,10.1,1.6,69,-1
492,8,2,69,-1
493,7.4,1.6,69,-1
493,8.5,2.1,69,-1
494,6.4,1.6,69,-1
495,7.4,1.6,69,-1
495,5.1,2,69,-1
496,7.7,1.6,69,-1
497,8.7,1.9,69,-1
498,7.2,1.9,69,-1
499,7.5,2,69,-1
500,9.7,1.9,69,-1
501,7.7,1.9,69,-1
501,8.1,1.6,69,-1
502,8.7,1.9,69,-1
503,10.2,1.8,69,-1
503,5.2,1.8,69,-1
504,5.6,1.8,69,-1
505,7.2,1.6,69,-1
506,4.7,1.9,69,-1
507,8.2,1.9,69,-1
507,2.3,1.7,69,-1
508,3.1,1.6,69,-1
509,2.8,1.9,69,-1
510,3.2,1.9,69,-1
511,3.7,1.9,69,-1
512,2.4,2,69,-1
513,4.1,2,69,-1
514,1.9,1.6,69,-1
515,3.2,2,69,-1
516,0.7,2,69,-1
516,1.3,1.6,69,-1
517,2.4,2,69,-1
518,4,2,69,-1
519,1.4,2,69,-1
520,-2,2,69,-1
521,3.5,2,69,-1
522,5,2,69,-1
523,3.1,1.6,69,-1
523,2.4,2,69,-1
524,1.3,2.1,69,-1
524,4.1,1.6,69,-1
525,2,2,69,-1
526,0,2,69,-1
527,3.3,2,69,-1
527,1.8,1.6,69,-1
528,-1.1,2,69,-1
529,-3.3,2,69,-1
530,-0.1,1.6,69,-1
530,-2.6,1.9,69,-1
530,-0.2,2.1,69,-1
531,-4.8,2,69,-1
531,-0.1,2.1,69,-1
532,-0.6,2,69,-1
532,-0.3,2,69,-1
533,-1.4,2,69,-1
533,-0.5,1.9,69,-1
533,-2.1,2.1,69,-1
534,1.2,1.6,69,-1
534,-0.5,2.4,69,-1
535,1.4,2,69,-1
535,-3.9,2,69,-1
536,0.2,1.6,69,-1
536,-1.3,2.1,69,-1
536,-1.1,1.9,69,-1
537,-1.6,2,69,-1
537,1.1,1.6,69,-1
538,-0.6,2.1,69,-1
538,2,2,69,-1
539,-3.4,1.9,69,-1
539,-2.9,2,69,-1
540,-0.3,2.1,69,-1
541,-1.2,2.1,69,-1
542,-2.8,1.9,69,-1
542,0.1,2.2,69,-1
543,-2.3,2.1,69,-1
544,-1.4,2,69,-1
545,-3.5,1.9,69,-1
545,-5.8,2,69,-1
546,-4.5,2,69,-1
547,-3.8,2.1,69,-1
548,-2.8,1.9,69,-1
548,-7.6,2.3,69,-1
549,-4.4,1.9,69,-1
550,-3.1,1.7,69,-1
551,-3.1,1.9,69,-1
551,-2.8,1.7,69,-1
552,-3.6,1.7,69,-1
553,-2.9,1.9,69,-1
554,-6.8,1.9,69,-1
554,-5,1.7,69,-1
555,-8.8,1.7,69,-1
556,-7.2,1.7,69,-1
557,-6.3,1.9,69,-1
557,-6.7,1.9,69,-1
558,-6.8,1.7,69,-1
559,-10.3,1.8,69,-1
560,-9,1.9,69,-1
560,-6.9,1.7,69,-1
561,-9.8,1.8,69,-1
562,-9.9,1.7,69,-1
563,-8.5,1.9,69,-1
563,-10.3,1.7,69,-1
564,-12.7,1.8,69,-1
565,-12.2,1.7,69,-1
566,-11.6,1.8,69,-1
566,-7.2,1.7,69,-1
567,-8.8,1.7,69,-1
568,-11,1.7,69,-1
569,-10.4,1.7,69,-1
569,-8.7,1.7,69,-1
570,-10.4,1.7,69,-1
571,-9.7,1.7,69,-1
572,-11.9,1.7,69,-1
572,-12.4,1.8,69,-1
573,-14.5,1.7,69,-1
574,-15.1,1.8,69,-1
575,-14.2,1.8,69,-1
575,-15.1,1.7,69,-1
576,-13,2.2,69,-1
577,-13.3,2.2,69,-1
578,-13.9,2.2,69,-1
579,-11.1,2.2,69,-1
580,-11.6,2.2,69,-1
581,-9.8,2.2,69,-1
582,-9,2.2,69,-1
583,-13,2.2,69,-1
584,-9.4,2.2,69,-1
585,-6.6,2.2,69,-1
586,-8.3,2.2,69,-1
587,-8.5,2.2,69,-1
588,-5.9,2.2,69,-1
589,-7.3,2.2,69,-1
590,-7.4,2.2,69,-1
591,-6.7,2.2,69,-1
592,-4.3,2.2,69,-1
593,-5.3,2.2,69,-1
594,-5.9,1.5,69,-1
595,-2.3,2.2,69,-1
596,-2.5,1.9,69,-1
596,-1.5,2.2,69,-1
597,-1.7,2.2,69,-1
597,0.9,1.9,69,-1
598,1.3,2.2,69,-1
598,-1.1,1.9,69,-1
599,0.4,2.2,69,-1
600,-1.5,2.2,69,-1
601,-0.9,2.2,69,-1
601,-2.1,1.9,69,-1
602,-3.7,2.4,69,-1
603,-1,1.9,69,-1
603,0.9,1.9,69,-1
604,-1.3,1.9,69,-1
605,-0.4,1.6,69,-1
606,-0.9,1.7,69,-1
606,2.9,1.7,69,-1
607,-1.3,1.9,69,-1
607,2.5,1.7,69,-1
608,0.7,1.6,69,-1
609,-0.8,1.9,69,-1
609,1.3,1.9,69,-1
610,2.6,1.9,69,-1
611,-0.9,1.9,69,-1
611,-3.1,1.7,69,-1
612,0.3,1.9,69,-1
613,1.7,1.6,69,-1
613,-1.9,1.7,69,-1
613,2.8,1.9,69,-1
614,3.6,1.6,69,-1
615,1.4,1.9,69,-1
616,-1.8,1.9,69,-1
616,-1.2,1.7,69,-1
616,3.4,1.7,69,-1
616,1.2,1.6,69,-1
617,2.7,1.6,69,-1
617,1.9,1.9,69,-1
617,1.7,1.7,69,-1
618,1.6,1.6,69,-1
618,1.9,1.9,69,-1
619,4.1,1.9,69,-1
619,2.8,1.9,69,-1
620,3.4,1.7,69,-1
620,3.3,1.9,69,-1
620,3.1,1.9,69,-1
621,2.2,1.9,69,-1
621,4.3,1.9,69,-1
622,1.9,1.9,69,-1
622,2.3,1.9,69,-1
622,3.5,1.9,69,-1
623,3.3,2.1,69,-1
623,0.8,1.6,69,-1
624,-0.2,1.6,69,-1
624,1,1.6,69,-1
624,0.7,2.1,69,-1
625,-0.2,1.6,69,-1
625,2.8,2,69,-1
625,3.3,1.9,69,-1
626,0.9,1.6,69,-1
626,-0.7,2,69,-1
627,-1.6,1.6,69,-1
627,3.8,1.6,69,-1
627,-1.7,2,69,-1
628,0.8,1.9,69,-1
628,1.9,2.1,69,-1
628,-1.1,1.6,69,-1
629,-0.6,2,69,-1
629,0.7,1.6,69,-1
630,-3.7,1.6,69,-1
630,-2,1.9,69,-1
630,-1.3,1.6,69,-1
631,-0.5,1.9,69,-1
631,0.9,1.9,69,-1
632,-2,1.9,69,-1
633,-4.5,1.9,69,-1
634,1.5,1.9,69,-1
634,-1.9,1.9,69,-1
635,-0.5,1.9,69,-1
636,-3,1.9,69,-1
637,-0.1,1.9,69,-1
637,-2.5,1.9,69,-1
639,1,1.9,69,-1
640,-1,1.9,69,-1
640,-1.1,1.9,69,-1
642,-4,1.9,69,-1
643,0.7,2,69,-1
644,0.7,1.9,69,-1
644,2.3,1.7,69,-1
645,-2.9,1.9,69,-1
647,-4.5,1.9,69,-1
647,-1.8,1.9,69,-1
648,-4.3,1.9,69,-1
649,-3.6,2,69,-1
650,-4.8,1.9,69,-1
650,-0.2,1.9,69,-1
651,-3.2,1.9,69,-1
652,-5.5,1.9,69,-1
653,-3.3,1.9,69,-1
653,-5.9,1.9,69,-1
654,-7.9,1.9,69,-1
655,-6.1,1.9,69,-1
656,-4.2,1.9,69,-1
656,-8,1.9,69,-1
657,-4.9,2.4,69,-1
658,-5.7,2.4,69,-1
659,-4.7,2.4,69,-1
660,-6.7,2.3,69,-1
661,-7,2.3,69,-1
662,-4.1,2.4,69,-1
663,-5.7,2.4,69,-1
664,-10,2.3,69,-1
665,-7.2,2.3,69,-1
666,-9.1,2.3,69,-1
667,-3.7,2.4,69,-1
668,-6.3,2.4,69,-1
669,-5,2.4,69,-1
670,-5.9,2.4,69,-1
671,-10.9,2.3,69,-1
672,-10.9,2.3,69,-1
674,-13.5,2.2,69,-1
674,-12,1.8,69,-1
675,-15.9,2.2,69,-1
675,-10.4,2.1,69,-1
676,-12.1,1.8,69,-1
677,-13,2.1,69,-1
678,-12.8,1.8,69,-1
679,-11.9,2.1,69,-1
680,-10.6,1.8,69,-1
681,-15.8,2.1,69,-1
682,-15.1,1.8,69,-1
683,-15.5,2.1,69,-1
684,-13,1.8,69,-1
685,-15.9,2.1,69,-1
686,-15.4,1.8,69,-1
687,-16.7,2.1,69,-1
688,-18.9,1.8,69,-1
689,-15,2.1,69,-1
690,-14.2,1.8,69,-1
691,-16.5,2.1,69,-1
692,-19.8,1.8,69,-1
693,-18.6,2.1,69,-1
694,-14.2,1.8,69,-1
695,-12.3,2.2,69,-1
696,-15.4,1.8,69,-1
697,-18.1,2.1,69,-1
698,-15,2,69,-1
699,-17.9,2.1,69,-1
700,-15.9,1.8,69,-1
701,-16.5,2.1,69,-1
702,-16,1.8,69,-1
703,-17.7,2.1,69,-1
704,-12.7,1.8,69,-1
705,-14.1,2.1,69,-1
706,-14.1,1.8,69,-1
707,-15.7,2.1,69,-1
708,-13.4,1.8,69,-1
709,-16.1,2.1,69,-1
710,-14,1.8,69,-1
711,-13.9,2.1,69,-1
712,-12.8,1.8,69,-1
713,-11.4,2.1,69,-1
714,-12,1.8,69,-1
715,-13,2.1,69,-1
716,-10.2,1.8,69,-1
717,-13.8,2.1,69,-1
718,-11.7,1.8,69,-1
719,-13.8,2.1,69,-1
720,-13.5,1.8,69,-1
721,-14.3,2.1,69,-1
722,-13.3,2.1,69,-1
722,-14.1,2,69,-1
723,-12.4,2.1,69,-1
723,-15.4,2,69,-1
724,-12.8,2,69,-1
724,-16.2,2.1,69,-1
725,-13.9,2,69,-1
725,-10.5,1.8,69,-1
726,-13.9,1.8,69,-1
726,-12.3,2,69,-1
727,-12.1,2,69,-1
727,-17.5,2.1,69,-1
728,-15.9,1.8,69,-1
728,-14.2,2,69,-1
729,-16,2.1,69,-1
729,-12.1,2,69,-1
730,-12.7,1.8,69,-1
730,-17.5,2,69,-1
731,-16,1.8,69,-1
731,-16.3,2.1,69,-1
732,-17.4,2.1,69,-1
732,-21.1,1.7,69,-1
733,-19.1,2.1,69,-1
733,-19.9,2,69,-1
734,-17.2,2.1,69,-1
734,-20.2,1.7,69,-1
735,-15.9,2.1,69,-1
735,-17.9,2,69,-1
736,-17.1,2.1,69,-1
736,-21.3,1.7,69,-1
737,-17,2.1,69,-1
737,-18.2,2,69,-1
738,-16.5,2.1,69,-1
738,-18.6,1.7,69,-1
739,-15.5,2.1,69,-1
739,-18,2,69,-1
740,-18.4,2.1,69,-1
740,-19.3,1.7,69,-1
741,-19.8,2.1,69,-1
741,-21.1,1.9,69,-1
742,-18,2.1,69,-1
742,-19.2,1.7,69,-1
743,-18.1,2,69,-1
743,-19.7,2.1,69,-1
744,-21.3,1.7,69,-1
744,-15.6,2.1,69,-1
745,-17.2,2.1,69,-1
745,-15.7,2,69,-1
747,-17.2,2.1,69,-1
748,-16.6,1.7,69,-1
749,-17.1,2.1,69,-1
749,-16.3,2,69,-1
750,-19.7,1.8,69,-1
751,-19.7,2,69,-1
752,-21.2,1.7,69,-1
753,-21.2,1.9,69,-1
754,-19.8,1.7,69,-1
755,-19.9,2,69,-1
756,-19.8,1.7,69,-1
757,-15.9,2,69,-1
758,-16.8,1.7,69,-1
759,-15.4,2,69,-1
760,-16.1,1.7,69,-1
761,-15.3,2,69,-1
762,-17.5,1.7,69,-1
763,-17.5,2,69,-1
764,-18.4,1.7,69,-1
765,-11.7,2,69,-1
766,-15.4,1.7,69,-1
767,-12.9,2,69,-1
768,-12.8,1.7,69,-1
769,-14.3,2,69,-1
770,-15.5,1.7,69,-1
771,-14.7,2,69,-1
772,-17.6,1.7,69,-1
773,-15.8,2,69,-1
774,-15.3,1.7,69,-1
775,-19.8,2,69,-1
776,-14.9,1.7,69,-1
777,-17.3,2,69,-1
778,-18.4,1.7,69,-1
779,-17,2,69,-1
780,-15.7,1.7,69,-1
781,-16.2,2.1,69,-1
781,-11,2,69,-1
782,-14,1.7,69,-1
783,-13.9,2.1,69,-1
783,-16.8,2,69,-1
784,-14.4,1.7,69,-1
785,-12.6,2,69,-1
785,-18.8,2.2,69,-1
786,-16.4,1.7,69,-1
786,-19.5,2.2,69,-1
786,-17.5,1.7,69,-1
787,-16.4,2.2,69,-1
787,-17.8,2,69,-1
788,-16.7,1.7,69,-1
788,-16.5,2.2,69,-1
789,-17.2,2,69,-1
789,-17.1,2.2,69,-1
789,-19.4,1.7,69,-1
790,-16,2.2,69,-1
791,-17.8,2.2,69,-1
792,-20.1,1.7,69,-1
792,-15.4,2.2,69,-1
793,-14.9,2.8,69,-1
794,-19,1.6,69,-1
794,-17,2.2,69,-1
795,-21,1.7,69,-1
795,-20.1,2.2,69,-1
796,-17.9,2.2,69,-1
796,-22.2,1.6,69,-1
797,-22,2.2,69,-1
798,-24.3,1.7,69,-1
798,-21.3,2.2,69,-1
799,-22.5,2.2,69,-1
800,-18.7,2.2,69,-1
801,-21.1,1.7,69,-1
801,-20.4,2.2,69,-1
802,-20.4,2.2,69,-1
803,-19.1,2.2,69,-1
804,-21.8,1.7,69,-1
804,-19.8,2.1,69,-1
805,-18.7,2.2,69,-1
806,-20.2,2.2,69,-1
807,-21.3,2.1,69,-1
807,-23,1.7,69,-1
808,-23.1,2.1,69,-1
809,-20.7,2.2,69,-1
810,-19.5,1.7,69,-1
811,-19.5,1.8,69,-1
812,-19,1.8,69,-1
813,-18.4,1.6,69,-1
813,-18,1.8,69,-1
814,-19.8,1.8,69,-1
815,-16.9,1.8,69,-1
816,-17.8,1.7,69,-1
816,-18.6,1.8,69,-1
817,-17.8,1.8,69,-1
817,-20,1.6,69,-1
818,-14.6,1.7,69,-1
818,-21.9,1.6,69,-1
818,-18.3,1.8,69,-1
819,-18.2,1.7,69,-1
819,-18.9,1.6,69,-1
819,-17.4,1.8,69,-1
820,-20.7,1.6,69,-1
820,-18,1.8,69,-1
821,-18.9,1.6,69,-1
821,-19.5,1.8,69,-1
821,-19.3,1.6,69,-1
822,-18.8,1.8,69,-1
822,-13.9,1.7,69,-1
822,-18.2,1.6,69,-1
823,-17.3,1.8,69,-1
823,-16.5,1.6,69,-1
824,-18.3,1.6,69,-1
824,-15.6,1.6,69,-1
824,-18,1.8,69,-1
825,-18.3,1.7,69,-1
825,-21.5,1.8,69,-1
825,-20.2,1.6,69,-1
826,-18.5,1.8,69,-1
826,-17.7,1.6,69,-1
827,-17.3,1.6,69,-1
827,-17.3,1.6,69,-1
827,-20.6,1.8,69,-1
828,-19.2,1.6,69,-1
828,-22.2,2.1,69,-1
828,-18.5,1.8,69,-1
829,-18.6,1.8,69,-1
829,-16,1.8,69,-1
830,-19.7,1.8,69,-1
830,-17.2,1.8,69,-1
830,-17.3,1.6,69,-1
831,-19.9,1.8,69,-1
831,-16.4,2.1,69,-1
831,-16.8,1.8,69,-1
832,-19.2,1.8,69,-1
832,-17.7,1.8,69,-1
833,-19.4,1.8,69,-1
833,-18,1.6,69,-1
833,-15.8,1.8,69,-1
834,-17.3,2.1,69,-1
834,-17.6,1.8,69,-1
834,-17.8,1.8,69,-1
835,-16.5,1.8,69,-1
835,-19.3,1.8,69,-1
836,-16.1,1.8,69,-1
836,-20.3,1.8,69,-1
836,-17.7,1.6,69,-1
837,-19.3,1.8,69,-1
838,-18,1.8,69,-1
839,-18.8,1.8,69,-1
839,-18.5,1.6,69,-1
840,-18.2,1.8,69,-1
841,-17.2,1.8,69,-1
842,-19,1.6,69,-1
842,-15,1.8,69,-1
843,-17.5,1.8,69,-1
844,-19.8,1.8,69,-1
845,-15.8,1.6,69,-1
845,-16.4,1.8,69,-1
846,-15.6,1.8,69,-1
847,-15.2,1.8,69,-1
848,-15.4,1.6,69,-1
848,-15.8,1.8,69,-1
849,-16.9,1.8,69,-1
850,-13.5,1.8,69,-1
851,-15.1,1.6,69,-1
851,-15,1.7,69,-1
852,-15.2,1.8,69,-1
853,-12.5,1.8,69,-1
854,-12.4,1.6,69,-1
854,-13.7,1.8,69,-1
855,-13.6,1.8,69,-1
856,-14.1,1.7,69,-1
857,-18.6,1.5,69,-1
857,-16,1.6,69,-1
858,-16.3,1.7,69,-1
859,-15.1,1.7,69,-1
860,-13.1,1.6,69,-1
860,-17.7,1.6,69,-1
861,-14.7,1.7,69,-1
862,-15.7,1.7,69,-1
863,-16.3,1.6,69,-1
863,-14.9,1.6,69,-1
864,-14.1,1.7,69,-1
865,-14.6,1.7,69,-1
866,-14.9,1.6,69,-1
866,-12.7,1.6,69,-1
867,-14,1.7,69,-1
868,-13.1,1.7,69,-1
869,-15.8,1.6,69,-1
869,-13.1,1.6,69,-1
870,-13.3,1.7,69,-1
871,-9.2,1.7,69,-1
872,-13.3,1.6,69,-1
872,-7.8,1.6,69,-1
873,-8.5,1.7,69,-1
874,-9.5,1.7,69,-1
875,-10.1,1.6,69,-1
875,-8.3,1.6,69,-1
876,-12.3,1.7,69,-1
877,-10.3,1.7,69,-1
878,-8,1.6,69,-1
878,-8.5,1.6,69,-1
879,-7.4,1.7,69,-1
880,-9.8,1.7,69,-1
881,-7.6,1.6,69,-1
881,-9.3,1.6,69,-1
882,-7.8,1.7,69,-1
883,-6.1,1.6,69,-1
883,-5,1.6,69,-1
884,-8.9,1.7,69,-1
885,-9.9,1.7,69,-1
886,-7.7,1.6,69,-1
886,-7.3,1.6,69,-1
887,-7.4,1.7,69,-1
888,-8.6,1.7,69,-1
889,-6.7,1.6,69,-1
889,-7.1,1.6,69,-1
890,-8.9,1.7,69,-1
891,-6,1.7,69,-1
892,-7.8,1.6,69,-1
892,-9.3,1.6,69,-1
893,-8,1.7,69,-1
894,-4.9,1.6,69,-1
895,-2.6,1.6,69,-1
895,-3.1,1.6,69,-1
896,-3.6,1.6,69,-1
897,-4.8,1.6,69,-1
898,-11.4,1.6,69,-1
898,-9.7,1.6,69,-1
899,-8.6,1.6,69,-1
900,-7.5,1.6,69,-1
901,-9,1.6,69,-1
901,-9,1.6,69,-1
908,-13.2,1.6,69,-1
909,-10.1,1.6,69,-1
910,-12.3,1.6,69,-1
911,-11.2,1.6,69,-1
912,-11.7,1.6,69,-1
913,-11.1,1.6,69,-1
914,-8,1.6,69,-1
915,-11,1.6,69,-1
916,-9.5,1.6,69,-1
917,-11.5,1.6,69,-1
918,-10.3,1.6,69,-1
919,-14.5,1.6,69,-1
920,-10.6,1.7,69,-1
921,-12.9,1.7,69,-1
921,-13.8,1.6,69,-1
922,-12.5,1.7,69,-1
923,-13,1.7,69,-1
924,-12.5,1.7,69,-1
924,-16.7,1.6,69,-1
925,-12.5,1.7,69,-1
926,-11.9,1.6,69,-1
927,-14,1.7,69,-1
927,-15.1,1.6,69,-1
928,-18.2,1.7,69,-1
929,-16.1,1.7,69,-1
930,-19.4,1.6,69,-1
930,-15.8,1.6,69,-1
931,-16.7,1.7,69,-1
932,-16.8,1.6,69,-1
933,-17.9,1.7,69,-1
933,-17.3,1.6,69,-1
934,-18.8,1.7,69,-1
935,-18.6,1.7,69,-1
936,-15.6,1.6,69,-1
936,-16.6,1.6,69,-1
937,-16.4,1.7,69,-1
938,-16.8,1.7,69,-1
939,-15.8,1.7,69,-1
939,-18.6,1.6,69,-1
940,-16.6,1.7,69,-1
941,-18.2,1.8,69,-1
942,-15.4,1.6,69,-1
942,-18.9,1.8,69,-1
943,-20.9,1.8,69,-1
944,-18.3,1.7,69,-1
945,-18.7,1.7,69,-1
945,-17.4,1.6,69,-1
946,-16.1,1.7,69,-1
947,-14.2,1.7,69,-1
948,-14.8,1.7,69,-1
948,-13.9,1.6,69,-1
949,-11,1.7,69,-1
950,-12.5,2.2,69,-1
950,-17,2.1,69,-1
950,-15.5,2.3,69,-1
950,-13.7,1.7,69,-1
951,-12.8,2.1,69,-1
951,-13.6,2.1,69,-1
951,-17.1,2.4,69,-1
951,-11.6,1.6,69,-1
951,-13.5,1.7,69,-1
952,-8.4,2.1,69,-1
952,-9.5,2.3,69,-1
952,-13.7,1.7,69,-1
952,-13.1,2.1,69,-1
953,-11,2.1,69,-1
953,-12.2,2.1,69,-1
953,-15.4,1.7,69,-1
953,-9.3,2.3,69,-1
954,-14.5,2,69,-1
954,-11.9,2.1,69,-1
954,-6.1,2.5,69,-1
954,-13.2,1.6,69,-1
954,-15.7,1.7,69,-1
955,-13.4,2.5,69,-1
955,-7.4,2.1,69,-1
955,-16.4,2,69,-1
955,-13.7,1.7,69,-1
956,-9.5,2.2,69,-1
956,-17.2,2.1,69,-1
956,-7.6,2.5,69,-1
956,-17.9,1.8,69,-1
956,-14.3,2.1,69,-1
957,-15.1,1.7,69,-1
957,-19.5,2.2,69,-1
957,-14.2,2.5,69,-1
957,-15.9,2.2,69,-1
957,-16.4,1.6,69,-1
957,-21.1,1.9,69,-1
958,-19.5,2.1,69,-1
958,-20.1,2.4,69,-1
958,-19.2,2.1,69,-1
958,-21.7,1.7,69,-1
958,-22.8,2.2,69,-1
959,-20.1,2.1,69,-1
959,-22.9,2.4,69,-1
959,-22.5,1.8,69,-1
959,-16.8,2.1,69,-1
960,-21,2.2,69,-1
960,-21.2,1.9,69,-1
960,-19.1,2.3,69,-1
960,-23.5,1.8,69,-1
960,-18.8,1.6,69,-1
961,-19.9,1.7,69,-1
962,-20.2,1.7,69,-1
963,-21.2,1.7,69,-1
963,-19.1,1.6,69,-1
964,-21.9,1.7,69,-1
965,-21.2,1.7,69,-1
966,-23.4,1.7,69,-1
966,-19.5,1.6,69,-1
967,-22.3,1.6,69,-1
968,-19.6,1.6,69,-1
969,-18.1,1.6,69,-1
969,-17,1.6,69,-1
970,-17.8,1.6,69,-1
971,-16.8,1.6,69,-1
972,-16.4,1.6,69,-1
972,-19.9,1.6,69,-1
973,-20.5,1.6,69,-1
974,-19.3,1.6,69,-1
975,-18.9,1.6,69,-1
975,-21.3,1.6,69,-1
976,-22.6,1.6,69,-1
977,-24.5,1.6,69,-1
978,-23.2,1.6,69,-1
978,-22.7,1.6,69,-1
979,-23.2,1.6,69,-1
980,-21.5,1.7,69,-1
981,-23.1,1.6,69,-1
1170,-4,2.5,69,-1
1170,-9.5,2,69,-1
1170,-8.9,2.2,69,-1
1170,-4,2,69,-1
1170,-5.1,1.9,69,-1
1170,-6.6,2.2,69,-1
1170,-2.7,1.9,69,-1
1170,-4.5,2.4,69,-1
1170,-6.5,2.3,69,-1
1170,-8.6,2.2,69,-1
1170,-7.1,2.2,69,-1
1170,-7.1,2,69,-1
1170,-6.8,2.2,69,-1
1171,-4,2.4,69,-1
1171,-6.6,2.1,69,-1
1171,-4.9,2.1,69,-1
1171,-4.7,1.9,69,-1
1171,-6.2,2,69,-1
1171,-4.2,2.2,69,-1
1171,-4.9,2.2,69,-1
1171,-0.6,2.2,69,-1
1171,-7.8,2.3,69,-1
1171,-7.1,2.3,69,-1
1171,-6.3,2.5,69,-1
1171,-6.8,2,69,-1
1171,-5.1,1.9,69,-1
1172,-6.2,2.4,69,-1
1172,-4,2.2,69,-1
1172,-6.5,2,69,-1
1172,-2.6,2.4,69,-1
1172,-2,2.2,69,-1
1172,-10.3,3.3,69,-1
1172,-4.1,2.5,69,-1
1172,-5,2.1,69,-1
1172,-5.7,2.5,69,-1
1172,-1,2.1,69,-1
1172,-8.7,2.1,69,-1
1172,-10.5,2.3,69,-1
1172,-1.5,2.2,69,-1
1172,-5.1,2,69,-1
1173,-2.3,2.6,69,-1
1173,-8,2.3,69,-1
1173,-3,2.4,69,-1
1173,-1.4,2.2,69,-1
1173,-3.6,2,69,-1
1173,-4.2,1.9,69,-1
1173,-1.5,2.4,69,-1
1173,-3,2.1,69,-1
1173,-2.9,2,69,-1
1173,-6,2.4,69,-1
1173,-4.4,2,69,-1
1173,0.2,2.4,69,-1
1173,-7,2,69,-1
1173,0,2.5,69,-1
1173,-1.9,2.2,69,-1
1173,-3,2,69,-1
1173,-1.9,1.9,69,-1
1173,1.6,1.9,69,-1
1174,-0.6,2.1,69,-1
1174,-2,2.1,69,-1
1174,-1.4,2.4,69,-1
1174,0.5,2.4,69,-1
1174,-6.5,2.2,69,-1
1174,-2.6,2,69,-1
1174,-0.9,2.1,69,-1
1174,-2.5,1.9,69,-1
1174,-4.2,2.2,69,-1
1174,-4.1,2,69,-1
1174,2.1,2.4,69,-1
1174,-6.8,2.5,69,-1
1174,-1,1.7,69,-1
1174,0.8,1.9,69,-1
1174,-0.5,1.9,69,-1
1174,-2.9,2,69,-1
1174,-1.6,2,69,-1
1174,2.1,2.4,69,-1
1174,0.4,2.4,69,-1
1174,-0.8,2.2,69,-1
1174,-1.8,2.4,69,-1
1174,0.5,2.5,69,-1
1175,-4.9,2.2,69,-1
1175,-2.5,2.2,69,-1
1175,-6.1,2,69,-1
1175,0.7,1.9,69,-1
1175,-1.6,2.2,69,-1
1175,-3.9,2.4,69,-1
1175,-2.9,1.9,69,-1
1175,-7.1,2.3,69,-1
1175,-8.8,2,69,-1
1175,4.6,2.4,69,-1
1175,-6.7,2.3,69,-1
1175,-0.4,1.9,69,-1
1175,-3.8,2.2,69,-1
1175,-3.1,1.9,69,-1
1175,-4.6,2,69,-1
1175,-7.7,1.9,69,-1
1175,-5.7,2,69,-1
1175,-5.2,2,69,-1
1175,-12.6,2.3,69,-1
1175,-4.1,2.1,69,-1
1175,-2.4,2,69,-1
1175,-6.2,2,69,-1
1175,-8.1,2.3,69,-1
1175,-1.3,2.1,69,-1
1175,-9.7,2.2,69,-1
1176,-11.7,1.8,69,-1
1176,-12.2,2.3,69,-1
1176,-14.6,1.8,69,-1
1176,-16.2,2.4,69,-1
1176,-13.8,2.1,69,-1
1176,-11.4,2.3,69,-1
1176,-15.8,2,69,-1
1176,-17.3,2,69,-1
1176,-18.4,2.2,69,-1
1176,-17.6,2.3,69,-1
1176,-12.4,1.8,69,-1
1176,-17.4,1.8,69,-1
1176,-16.1,1.8,69,-1
1176,-15.5,2.2,69,-1
1176,-15.8,2.3,69,-1
1176,-13.3,2.5,69,-1
1176,-13.3,2.2,69,-1
1176,-17.2,2,69,-1
1176,-12.8,2.2,69,-1
1176,-11.4,2,69,-1
1176,-10.3,2.1,69,-1
1176,-16.6,2.2,69,-1
1176,-15.3,2.1,69,-1
1177,-18.5,2.3,69,-1
1177,-21,1.8,69,-1
1177,-19,2.3,69,-1
1177,-23.2,2.1,69,-1
1177,-24.9,2.3,69,-1
1177,-20.1,2.3,69,-1
1177,-20.7,2.2,69,-1
1177,-13.9,2.2,69,-1
1177,-18.8,2.4,69,-1
1177,-18.9,1.8,69,-1
1177,-18.2,1.8,69,-1
1177,-17.4,1.8,69,-1
1177,-18.2,2.4,69,-1
1177,-22.8,1.9,69,-1
1177,-21.5,1.9,69,-1
1177,-19.1,2.2,69,-1
1177,-20.9,2.2,69,-1
1177,-21.1,1.9,69,-1
1177,-21.1,2.4,69,-1
1177,-16.9,2,69,-1
1178,-20.1,1.8,69,-1
1178,-16.3,1.7,69,-1
1178,-22.1,2.2,69,-1
1178,-19.6,1.8,69,-1
1178,-20.2,2.2,69,-1
1178,-19.6,2.3,69,-1
1178,-16.8,2.3,69,-1
1178,-22.2,1.9,69,-1
1178,-13.4,2.2,69,-1
1178,-22.7,2.3,69,-1
1178,-20.2,1.8,69,-1
1178,-21.2,1.9,69,-1
1178,-17.2,2.3,69,-1
1178,-18.7,2.1,69,-1
1178,-21.3,1.9,69,-1
1178,-18.7,2,69,-1
1178,-15.2,2.3,69,-1
1178,-21.1,2.3,69,-1
1178,-19.4,2.4,69,-1
1178,-18.3,2.2,69,-1
1179,-22.4,2.4,69,-1
1179,-22.7,1.9,69,-1
1179,-19.5,2.4,69,-1
1179,-19.8,2.1,69,-1
1179,-12.4,2.1,69,-1
1179,-15.1,2.2,69,-1
1179,-23.7,2.3,69,-1
1179,-15,1.8,69,-1
1179,-21.5,1.8,69,-1
1179,-15.7,1.8,69,-1
1179,-15.1,2.3,69,-1
1179,-20.5,2.2,69,-1
1179,-17.6,2.1,69,-1
1179,-20.4,2.1,69,-1
1180,-23.3,2.3,69,-1
1180,-17.7,1.8,69,-1
1180,-20,2,69,-1
1180,-15.4,2.2,69,-1
1180,-21.7,2.4,69,-1
1180,-15.5,2.3,69,-1
1180,-21.1,2.3,69,-1
1180,-14.9,1.8,69,-1
1180,-13.5,2.3,69,-1
1180,-18.5,1.8,69,-1
1180,-18.8,2.2,69,-1
1180,-19.9,2,69,-1
1180,-14.4,2.1,69,-1
1180,-20.5,2,69,-1
3449,16.6,1.8,69,-1
3449,17,1.8,69,-1
3450,16.5,1.8,69,-1
3451,16.1,1.8,69,-1
3452,14.7,1.8,69,-1
3452,15.7,1.8,69,-1
3453,15.6,1.8,69,-1
3454,13.7,1.8,69,-1
3455,11.9,1.8,69,-1
3455,16.1,1.8,69,-1
3456,12.6,1.8,69,-1
3457,14.3,1.8,69,-1
3458,12.7,1.8,69,-1
3458,13.9,1.8,69,-1
3459,13.7,1.8,69,-1
3460,10.8,1.8,69,-1
3461,12.4,1.8,69,-1
3461,14.2,1.8,69,-1
3462,15.5,1.8,69,-1
3463,12.2,1.8,69,-1
3464,11.5,1.8,69,-1
3464,11.5,1.8,69,-1
3465,15.6,1.8,69,-1
3466,14.4,1.8,69,-1
3467,10.5,1.8,69,-1
3467,12.8,1.8,69,-1
3468,11.8,1.8,69,-1
3469,12.5,1.8,69,-1
3470,12.9,1.8,69,-1
3470,12.1,1.8,69,-1
3471,11.1,1.8,69,-1
3472,10.5,1.8,69,-1
3473,9.2,1.8,69,-1
3473,14.3,1.8,69,-1
3474,15.4,1.8,69,-1
3475,15.7,1.8,69,-1
3476,15.1,1.8,69,-1
3476,17.2,1.8,69,-1
3477,18.2,1.8,69,-1
3478,17,1.8,69,-1
3479,15.9,1.8,69,-1
3479,14.3,1.8,69,-1
3480,12.9,1.8,69,-1
3481,12.4,1.8,69,-1
3482,9.8,1.8,69,-1
3482,11.7,1.8,69,-1
3483,11.3,1.8,69,-1
3484,11.2,1.8,69,-1
3485,10.8,1.8,69,-1
3485,15.1,1.8,69,-1
3486,13.5,1.8,69,-1
3487,13.2,1.8,69,-1
3488,11.3,1.8,69,-1
3488,11.1,1.8,69,-1
3489,10.6,1.9,69,-1
3490,13.2,1.8,69,-1
3491,10.2,1.8,69,-1
3491,10.9,1.8,69,-1
3492,10.6,1.8,69,-1
3493,10.2,1.8,69,-1
3494,9,1.8,69,-1
3494,11.2,1.8,69,-1
3495,11.8,1.8,69,-1
3496,10.7,1.8,69,-1
3497,10.2,1.8,69,-1
3497,11.2,1.9,69,-1
3498,10.7,1.8,69,-1
3499,8.5,1.9,69,-1
3500,8.4,1.8,69,-1
3500,8.8,1.8,69,-1
3501,11.5,1.9,69,-1
3502,8.5,1.8,69,-1
3503,7.7,1.8,69,-1
3504,12.1,1.9,69,-1
3505,8.6,1.8,69,-1
3506,14.5,1.8,69,-1
3507,12.1,1.9,69,-1
3508,12.4,1.8,69,-1
3509,8.6,1.8,69,-1
3510,10.9,1.9,69,-1
3511,12.1,1.8,69,-1
3511,8.1,1.8,69,-1
3512,11.2,1.8,69,-1
3513,13.4,1.9,69,-1
3514,10.1,1.8,69,-1
3515,13.7,1.8,69,-1
3515,12.2,1.8,69,-1
3516,12.7,1.9,69,-1
3517,9.2,1.8,69,-1
3518,10.8,1.8,69,-1
3519,11.1,1.9,69,-1
3520,12.1,1.8,69,-1
3520,12.5,1.8,69,-1
3521,12.6,1.8,69,-1
3522,13.5,1.9,69,-1
3523,13.3,1.8,69,-1
3524,15.7,1.8,69,-1
3524,15.1,1.8,69,-1
3525,15,1.9,69,-1
3526,17.6,1.8,69,-1
3527,16.2,1.8,69,-1
3528,17.7,1.9,69,-1
3529,13.9,1.8,69,-1
3529,14.6,1.8,69,-1
3530,16.2,1.8,69,-1
3531,15.3,1.9,69,-1
3532,17.1,1.8,69,-1
3533,12.5,2,69,-1
3533,16.2,1.8,69,-1
3534,15.1,1.8,69,-1
3534,15.2,1.8,69,-1
3535,15.2,1.8,69,-1
3535,14.9,1.8,69,-1
3536,18.5,1.8,69,-1
3536,17.1,1.8,69,-1
3537,15.6,1.8,69,-1
3537,19.4,1.8,69,-1
3538,14.5,1.8,69,-1
3538,16.7,1.8,69,-1
3539,16.1,1.8,69,-1
3539,15.4,1.8,69,-1
3540,15.6,1.8,69,-1
3540,16.1,1.8,69,-1
3541,12.4,1.8,69,-1
3541,16.2,1.8,69,-1
3542,16.3,1.8,69,-1
3542,15.9,1.8,69,-1
3543,18.1,1.8,69,-1
3543,19.1,1.8,69,-1
3544,17.1,1.8,69,-1
3544,18.7,1.8,69,-1
3545,20.1,1.8,69,-1
3545,18.3,1.8,69,-1
3546,19.5,1.8,69,-1
3546,23.3,1.8,69,-1
3547,14.9,1.8,69,-1
3547,16,1.8,69,-1
3548,17.5,1.8,69,-1
3548,17.7,1.8,69,-1
3549,20.2,1.8,69,-1
3549,19.6,1.8,69,-1
3550,16.4,1.8,69,-1
3550,15.8,1.9,69,-1
3551,15.5,1.9,69,-1
3551,16.3,1.8,69,-1
3552,18.8,1.8,69,-1
3552,16.8,1.9,69,-1
3553,16.5,1.8,69,-1
3553,19.6,1.9,69,-1
3553,17.9,1.9,69,-1
3554,16.1,1.8,69,-1
3554,17.7,1.9,69,-1
3555,20.1,1.9,69,-1
3555,19.6,1.8,69,-1
3556,18.4,1.8,69,-1
3556,19.2,1.9,69,-1
3557,19.3,1.8,69,-1
3557,18.7,1.9,69,-1
3557,20.9,1.9,69,-1
3558,21.7,1.8,69,-1
3558,19.8,1.9,69,-1
3559,18.4,1.8,69,-1
3559,18.4,1.9,69,-1
3560,17.6,1.9,69,-1
3560,16.4,1.8,69,-1
3561,20.4,1.8,69,-1
3561,18.5,1.9,69,-1
3561,15.2,1.9,69,-1
3562,16.5,1.9,69,-1
3562,20.9,1.8,69,-1
3563,16.4,1.9,69,-1
3563,19.8,1.8,69,-1
3564,20.5,1.8,69,-1
3564,17,1.9,69,-1
3565,10.4,1.9,69,-1
3565,16.7,1.8,69,-1
3565,16.9,1.9,69,-1
3566,17.4,1.9,69,-1
3566,14.8,1.8,69,-1
3567,17,1.9,69,-1
3567,19.8,1.8,69,-1
3568,16.6,1.8,69,-1
3568,13.6,1.9,69,-1
3569,17.7,1.9,69,-1
3569,13.9,1.8,69,-1
3569,16.1,1.9,69,-1
3570,15.8,1.9,69,-1
3570,14.6,1.9,69,-1
3571,13.2,1.8,69,-1
3571,14.3,1.9,69,-1
3572,14.9,1.9,69,-1
3572,15.1,1.8,69,-1
3573,15.6,1.9,69,-1
3573,13.5,1.9,69,-1
3573,12.5,1.9,69,-1
3574,15.8,1.9,69,-1
3574,15.8,1.8,69,-1
3575,12.3,1.8,69,-1
3576,14.8,1.8,69,-1
3577,13.3,1.6,69,-1
3577,15,1.9,69,-1
3578,14.4,1.8,69,-1
3579,13,1.9,69,-1
3580,13.8,1.8,69,-1
3580,14.8,1.8,69,-1
3581,14,1.8,69,-1
3581,11.9,1.9,69,-1
3582,12.6,1.9,69,-1
3583,13.5,1.8,69,-1
3584,15.5,2,69,-1
3584,14.6,1.8,69,-1
3585,14.1,1.9,69,-1
3585,13.4,1.9,69,-1
3586,10.8,1.8,69,-1
3587,10.5,1.8,69,-1
3588,14.1,1.8,69,-1
3589,16.5,1.8,69,-1
3589,12.6,1.8,69,-1
3589,15.8,1.9,69,-1
3590,13.4,1.8,69,-1
3591,14.7,1.9,69,-1
3592,12.7,2,69,-1
3593,14.2,1.9,69,-1
3593,13.7,1.8,69,-1
3593,16.2,2,69,-1
3594,12.6,1.9,69,-1
3595,13.8,2,69,-1
3596,12.2,2,69,-1
3597,12.2,1.9,69,-1
3597,13.6,1.9,69,-1
3598,14.3,1.8,69,-1
3598,12.4,1.9,69,-1
3599,15.1,2,69,-1
3600,16.2,1.9,69,-1
3601,17,1.9,69,-1
3601,12.9,2,69,-1
3602,14.8,1.8,69,-1
3602,15.1,2,69,-1
3603,15.2,1.9,69,-1
3604,13.6,1.9,69,-1
3605,16.3,1.9,69,-1
3605,14.9,1.9,69,-1
3606,19.4,1.8,69,-1
3607,15.9,1.8,69,-1
3607,15.4,1.9,69,-1
3608,15.9,1.8,69,-1
3608,15.3,1.9,69,-1
3609,17.1,1.9,69,-1
3609,16.1,1.8,69,-1
3610,15.4,2,69,-1
3611,16.3,1.8,69,-1
3611,14.2,2,69,-1
3612,18,1.9,69,-1
3613,16.6,1.9,69,-1
3614,15.2,2,69,-1
3615,17.3,1.9,69,-1
3616,18.6,1.8,69,-1
3616,17.1,1.9,69,-1
3617,15.4,1.9,69,-1
3618,17.8,1.9,69,-1
3619,16,2,69,-1
3620,17.2,2,69,-1
3620,16.7,1.8,69,-1
3621,19.7,1.9,69,-1
3622,17.7,2,69,-1
3623,17.3,2,69,-1
3624,19.4,1.9,69,-1
3625,18.5,1.8,69,-1
3625,15,2,69,-1
3626,16.6,2,69,-1
3627,16.8,1.9,69,-1
3628,15.9,2,69,-1
3629,18.9,1.8,69,-1
3629,17.4,2,69,-1
7360,88.1,2.4,69,-1
7362,89,2.4,69,-1
7364,89.7,2.4,69,-1
7366,90.1,2.4,69,-1
7368,89.1,2.4,69,-1
7370,86.5,2.4,69,-1
7372,89.5,2.4,69,-1
7374,87.6,2.6,69,-1
7376,95.1,2.6,69,-1
7378,90.7,2.4,69,-1
7380,92.1,2.4,69,-1
7382,96,2.5,69,-1
7384,95,2.5,69,-1
7386,99.5,2.5,69,-1
7388,92.8,2.4,69,-1
7390,94.9,2.5,69,-1
7392,97.5,2.6,69,-1
7394,100.3,2.5,69,-1
7396,97.7,2.5,69,-1
7398,99.8,2.5,69,-1
7400,98.5,2.6,69,-1
7402,98,2.5,69,-1
7404,104,2.5,69,-1
7406,104.7,2.5,69,-1
7408,102.9,2.5,69,-1
7409,101.9,2.5,69,-1
7410,101.6,2.5,69,-1
7411,102.6,2.5,69,-1
7412,102,2.5,69,-1
7413,100.4,2.5,69,-1
7414,102.2,2.5,69,-1
7415,101.1,2.5,69,-1
7416,100,2.5,69,-1
7417,102,2.5,69,-1
7418,98.6,2.5,69,-1
7419,101.2,2.5,69,-1
7421,99.7,2.5,69,-1
7422,101.3,2.5,69,-1
7423,96.3,2.5,69,-1
7424,92.8,2.4,69,-1
7425,89,2.4,69,-1
7426,86.2,2.4,69,-1
7427,91.2,2.4,69,-1
7428,90.7,3.1,69,-1
7429,88.3,2.4,69,-1
7431,79.8,2.4,69,-1
7432,84.5,2.4,69,-1
7433,82.5,2.4,69,-1
7434,78.1,2.4,69,-1
7435,83.5,2.4,69,-1
7437,85.1,2.4,69,-1
7439,86.5,2.4,69,-1
11953,178,3.1,69,-1
11957,180.7,3.1,69,-1
11960,183.2,3.1,69,-1
11963,187.3,3.1,69,-1
11964,190.1,2.8,69,-1
11966,184,3.1,69,-1
11967,181.7,2.9,69,-1
11968,179.9,2.9,69,-1
11969,186.2,3.1,69,-1
11971,184.6,2.9,69,-1
11972,186.1,3.1,69,-1
11974,186,3,69,-1
11975,185.7,3.1,69,-1
11977,188.5,3,69,-1
11978,177.5,3.1,69,-1
11980,179.4,2.9,69,-1
11981,183.1,3.1,69,-1
11984,186.9,3.1,69,-1
11985,185.1,3,69,-1
11987,185.7,3,69,-1
11988,185.7,3.1,69,-1
11990,186.7,3,69,-1
11991,184.8,3.1,69,-1
11992,185.4,3,69,-1
11994,186.3,3.1,69,-1
11995,187.9,3,69,-1
11996,182.7,3.1,69,-1
11998,182.7,2.9,69,-1
11999,190.1,3.1,69,-1
12001,184.8,2.9,69,-1
12002,185.9,3.1,69,-1
12004,181.2,2.9,69,-1
12005,182.1,3.4,69,-1
12010,183.8,2.9,69,-1
12011,184.6,3.4,69,-1
12013,182.5,2.9,69,-1
12014,186,3.5,69,-1
12016,183.8,2.9,69,-1
12019,187.5,3,69,-1
12021,188.1,3.5,69,-1
12022,182,3.5,69,-1
12026,184.4,3.7,69,-1
12027,182,3.5,69,-1
12028,182.6,3.5,69,-1
12029,188,3.5,69,-1
12030,193.8,3.6,69,-1
12031,191.1,3.6,69,-1
12033,189.6,3.6,69,-1
12034,191.4,3.6,69,-1
12035,185.2,3.5,69,-1
12036,191.4,3.6,69,-1
12037,185.8,3.5,69,-1
12038,194.7,3.4,69,-1
12039,184.7,3.5,69,-1
12040,185,3.5,69,-1
12041,190.8,3.6,69,-1
12042,194.1,3.6,69,-1
12043,182.5,3.5,69,-1
12044,191.2,3.4,69,-1
12045,180.3,3.5,69,-1
12046,184.3,3.5,69,-1
12048,184.7,3.5,69,-1
12050,186.9,3.5,69,-1
12051,184.8,3.5,69,-1
12052,190.8,3.4,69,-1
12053,185.1,3.5,69,-1
12054,187.3,3.5,69,-1
12055,196.1,3.1,69,-1
12056,190.9,3.6,69,-1
12057,186.4,3.7,69,-1
12058,180.2,3.4,69,-1
12059,187,3.7,69,-1
12060,186.4,3.5,69,-1
12061,182.9,3.1,69,-1
12062,185.7,3.5,69,-1
12063,184.6,3.5,69,-1
12064,190.4,3.1,69,-1
12065,189.8,3.6,69,-1
12066,187.4,3.5,69,-1
12067,186.8,3.4,69,-1
12068,187.1,3.5,69,-1
12069,188.6,3.6,69,-1
12070,193.9,3.4,69,-1
12071,187.3,3.5,69,-1
12072,193.3,3.6,69,-1
12073,196,3.4,69,-1
12074,192.4,3.6,69,-1
12075,188.7,3.6,69,-1
12076,192.1,3.6,69,-1
12077,190.8,3.6,69,-1
12078,188,3.5,69,-1
12079,188.1,3.1,69,-1
12081,190.2,3.6,69,-1
12082,192.4,3,69,-1
12083,190.5,3.6,69,-1
12084,188.2,3.6,69,-1
12085,197.4,3.4,69,-1
12086,195.1,3.6,69,-1
12087,192.7,3.6,69,-1
12088,196.5,3.1,69,-1
12089,194.9,3.6,69,-1
12090,192.1,3.6,69,-1
12092,190.9,3.7,69,-1
12093,190.3,3.6,69,-1
12094,195.6,3.4,69,-1
12095,192.2,3.6,69,-1
12096,187,3.7,69,-1
12097,198.1,3.4,69,-1
12098,187.9,3.5,69,-1
12099,194.3,3.4,69,-1
12100,192.9,3.6,69,-1
12101,197.5,3.6,69,-1
12102,192.3,3.6,69,-1
12103,188.2,3.5,69,-1
12104,182.3,3.5,69,-1
12105,184.3,3.4,69,-1
12106,192,3.6,69,-1
12107,185.9,3.5,69,-1
12108,188.1,3.5,69,-1
12109,185.9,3.5,69,-1
12109,192.6,3.6,69,-1
12110,188.3,3.6,69,-1
12110,183.4,3.5,69,-1
12110,189.9,3.4,69,-1
12111,189.3,3.4,69,-1
12112,186.1,3.5,69,-1
12113,192,3.6,69,-1
12114,189.9,3.6,69,-1
12115,195.1,3.4,69,-1
12116,185.2,3.5,69,-1
12117,192.1,3.6,69,-1
12118,189.3,3.6,69,-1
12119,195.2,3.6,69,-1
12120,191.9,3.6,69,-1
12121,194.9,3.6,69,-1
12122,190.6,3.6,69,-1
12123,189.4,3.6,69,-1
12124,199.5,3.6,69,-1
12125,198.3,3.6,69,-1
12125,192.5,3.4,69,-1
12125,197,3.6,69,-1
12126,198.5,3.6,69,-1
12127,193.8,3.6,69,-1
12128,190.1,3.6,69,-1
12129,193.4,3.6,69,-1
12132,191.6,3.4,69,-1
12133,195.2,3.4,69,-1
12134,196.2,3.4,69,-1
12135,199.8,3.6,69,-1
12135,198.4,3.4,69,-1
12136,199.2,3.4,69,-1
12137,196.8,3.6,69,-1
12138,197.2,3.4,69,-1
12139,194.7,3.4,69,-1
12139,198,3.4,69,-1
12139,196,3.6,69,-1
12140,200.5,3.4,69,-1
12141,190.4,3.6,69,-1
12141,189.9,3.3,69,-1
12143,197.1,3.4,69,-1
12143,193.3,3.6,69,-1
12144,200.3,3.4,69,-1
12145,198.2,3.4,69,-1
12145,197.6,3.4,69,-1
12146,202.6,3.4,69,-1
12147,189.6,3.4,69,-1
12147,196.3,3.6,69,-1
12148,195.8,3.4,69,-1
12149,190.5,3.3,69,-1
12149,201.5,3.4,69,-1
12149,197.2,3.4,69,-1
12151,195.1,3.3,69,-1
12154,199.5,3.4,69,-1
12154,191.2,3.3,69,-1
12156,200.1,3.4,69,-1
12156,197.7,3.4,69,-1
12158,200.3,3.3,69,-1
12160,198.3,3.4,69,-1
12163,206.7,3.3,69,-1
12165,198.9,3.4,69,-1
12167,205.3,3.3,69,-1
12169,199.9,3.3,69,-1
12169,196.5,3.4,69,-1
12169,197.8,3.4,69,-1
12169,201.3,3.6,69,-1
12170,198.4,3.3,69,-1
12170,199.2,3.6,69,-1
12171,196.6,3.3,69,-1
12171,200.5,3.6,69,-1
12171,199.3,3.4,69,-1
12171,199.3,3.3,69,-1
12172,197.8,3.6,69,-1
12172,200.5,3.3,69,-1
12173,199,3.4,69,-1
12173,199.3,3.6,69,-1
12173,200.1,3.3,69,-1
12174,203.2,3.4,69,-1
12174,196.6,3.3,69,-1
12175,207.5,3.5,69,-1
12175,201.5,3.3,69,-1
12175,196.6,3.3,69,-1
12176,206,3.6,69,-1
12176,200.2,3.3,69,-1
12177,200.6,3.6,69,-1
12177,198.4,3.3,69,-1
12177,193.9,3.4,69,-1
12178,201.8,3.6,69,-1
12178,198.3,3.3,69,-1
12179,199.1,3.4,69,-1
12179,200,3.3,69,-1
12179,192.7,3.3,69,-1
12179,196.9,3.6,69,-1
12180,204.2,3.6,69,-1
12180,198.7,3.3,69,-1
12181,203.3,3.6,69,-1
12181,197.3,3.3,69,-1
12181,194.8,3.4,69,-1
12181,194.5,3.4,69,-1
12182,197.3,3.6,69,-1
12182,196.4,3.3,69,-1
12183,197,3.3,69,-1
12183,195.3,3.3,69,-1
12183,202.6,3.6,69,-1
12184,198.8,3.3,69,-1
12184,204.8,3.6,69,-1
12185,205.6,3.3,69,-1
12185,198.8,3.4,69,-1
12185,196.6,3.4,69,-1
12185,206.9,3.6,69,-1
12186,208.4,3.6,69,-1
12186,200,3.3,69,-1
12187,199.7,3.3,69,-1
12187,192.7,3.3,69,-1
12187,198.2,3.4,69,-1
12188,203.7,3.3,69,-1
12189,205.1,3.3,69,-1
12189,196.3,3.4,69,-1
12190,205.7,3.3,69,-1
12190,211.9,3.5,69,-1
12191,198.5,3.3,69,-1
12191,203.7,3.3,69,-1
12192,200.6,3.3,69,-1
12193,204.3,3.3,69,-1
12193,202.1,3.4,69,-1
12194,201.8,3.3,69,-1
12194,199.8,2.8,69,-1
12195,200.6,3.4,69,-1
12195,204.8,3.3,69,-1
12195,192.7,2.8,69,-1
12195,198.6,3.3,69,-1
12196,199.5,3.3,69,-1
12196,199.7,2.8,69,-1
12197,198.8,3.4,69,-1
12197,195.2,3.3,69,-1
12198,191.5,3.3,69,-1
12199,198.5,3.3,69,-1
12199,198,3.4,69,-1
12199,190.4,3.3,69,-1
12200,197.3,3.1,69,-1
12201,196.8,3.3,69,-1
12201,198.3,3.4,69,-1
12202,198.3,3.3,69,-1
12203,201,3.3,69,-1
12203,195.2,3.4,69,-1
12204,201.3,3.3,69,-1
12205,198,3.1,69,-1
12205,198.4,3.4,69,-1
12206,202.2,3.1,69,-1
12207,199.6,3.4,69,-1
12207,194.4,3.3,69,-1
12208,200.2,3.1,69,-1
12209,202.5,3.4,69,-1
12209,194.8,3.3,69,-1
12209,202.8,3.4,69,-1
12210,196.2,3.3,69,-1
12211,193.5,3.3,69,-1
12212,189.9,3.3,69,-1
12213,193.8,3.3,69,-1
12213,192.9,3.1,69,-1
12214,190.4,3.1,69,-1
12215,197.8,3.1,69,-1
12215,194.1,3.4,69,-1
12215,201.7,3.4,69,-1
12216,196.9,3.1,69,-1
12217,204.5,3.4,69,-1
12217,199.4,3.1,69,-1
12217,194.8,3.3,69,-1
12218,202.1,3.1,69,-1
12219,203.6,3.4,69,-1
12219,209.9,3.5,69,-1
12219,205.4,3.3,69,-1
12220,201.7,3.1,69,-1
12221,198.4,3.1,69,-1
12222,192.9,3.1,69,-1
12223,202.7,3.1,69,-1
12224,201.8,3.1,69,-1
12225,206.1,3.2,69,-1
12226,202.2,3.1,69,-1
12227,203.7,3.1,69,-1
12228,207,3.2,69,-1
12229,203.9,3.1,69,-1
12230,204.8,3.1,69,-1
12231,204,3.1,69,-1
12232,206.1,3.2,69,-1
12233,209.1,3.2,69,-1
12234,209.7,3.2,69,-1
12235,206.8,3.2,69,-1
12236,205.8,3.2,69,-1
12237,213.2,3.2,69,-1
12238,204.7,3.1,69,-1
12239,206.8,3.2,69,-1
12240,207.9,3.2,69,-1
12241,208.5,3.2,69,-1
12242,213,3.2,69,-1
12243,209.7,3.2,69,-1
12244,218.7,3.2,69,-1
12245,216.6,3.2,69,-1
12246,211.2,3.2,69,-1
12247,208.6,3,69,-1
12248,213.1,3,69,-1
12249,210.4,3,69,-1
12250,213.3,3,69,-1
12251,210.5,3,69,-1
12252,211.4,3,69,-1
12253,211,3,69,-1
12254,211.1,2.9,69,-1
12255,209,2.7,69,-1
12256,209.2,2.9,69,-1
12257,206.7,2.9,69,-1
12258,208.8,2.9,69,-1
12259,209.6,3,69,-1
12260,210.2,2.9,69,-1
12261,207.8,2.9,69,-1
12262,210.3,2.9,69,-1
12263,212.1,2.9,69,-1
12264,209.6,2.9,69,-1
12265,218,2.9,69,-1
12266,211.2,2.9,69,-1
12267,211.5,2.9,69,-1
12268,210.3,3.2,69,-1
12269,210.8,3.2,69,-1
12270,211.4,2.9,69,-1
12271,207.9,3.2,69,-1
12272,210.1,3.2,69,-1
12273,207.9,3.2,69,-1
12274,212.1,3.2,69,-1
12275,203.7,3.1,69,-1
12276,204.1,3.1,69,-1
12277,210.6,3,69,-1
12278,209.8,3.2,69,-1
12279,203.4,3.1,69,-1
12280,205.4,3.2,69,-1
12281,211.5,2.9,69,-1
12282,204.1,3.1,69,-1
12283,207.7,3.2,69,-1
12284,206.3,3.2,69,-1
12285,209.5,3.2,69,-1
12286,206.6,3.2,69,-1
12287,209.6,3.2,69,-1
12288,209.3,3.2,69,-1
12289,203.6,3.1,69,-1
12290,208.7,3.2,69,-1
12291,210.7,3.2,69,-1
12292,206.9,3.2,69,-1
12293,213.2,2.9,69,-1
12294,216.1,3.2,69,-1
12295,214.3,3.2,69,-1
12296,210.3,3.2,69,-1
7370,89.3,2.3,50,1
7368,90.2,2.3,50,1
7366,89.8,2.3,50,1
7364,89.1,2.3,50,1
7362,88.2,2.3,50,1
7361,86.1,3.2,50,1
7360,96,2.3,50,1
7359,93.1,3.5,50,1
7358,100.3,3.4,50,1
7357,93.6,3.5,50,1
7356,96.2,3.4,50,1
7355,93.6,3.4,50,1
7354,90.9,3.5,50,1
7353,92.3,3.4,50,1
7352,92.5,3.3,50,1
7351,92,3.4,50,1
7350,86.3,3.2,50,1
7348,88.3,3.2,50,1
7346,86.9,3.4,50,1
7370,97.4,3.3,50,2
7369,96.4,3.4,50,2
7368,97.4,3.3,50,2
7367,92.9,3.7,50,2
7366,98.6,3.6,50,2
7365,93,3.8,50,2
7364,90.3,3.7,50,2
7363,87.9,3.2,50,2
7362,95.1,3.1,50,2
7361,92.1,3.4,50,2
7360,99.5,3,50,2
7359,99.2,3.4,50,2
7358,100.2,3,50,2
7357,97.7,2.7,50,2
7356,96.3,3,50,2
7355,92.5,3,50,2
7354,91.3,3,50,2
7353,95,3.3,50,2
7352,90,3,50,2
7351,92.7,3,50,2
7350,91.7,3,50,2
7371,88.9,1.8,50,3
7370,89.1,2.4,50,3
7368,92.3,1.8,50,3
7367,90.5,2.5,50,3
7366,95.5,1.8,50,3
7365,92.7,1.8,50,3
7364,91.4,2.4,50,3
7363,90.1,2.5,50,3
7362,89.4,1.8,50,3
7361,93.5,1.8,50,3
7360,95.8,2.5,50,3
7359,98.8,1.8,50,3
7358,95.8,1.7,50,3
7357,94.9,1.6,50,3
7356,97.6,1.7,50,3
7355,92,1.8,50,3
7354,92.4,1.7,50,3
7353,92,1.8,50,3
7352,94.2,2.3,50,3
7351,92.3,1.7,50,3
7350,89.5,1.8,50,3
7349,90.9,1.8,50,3
7348,91.5,1.7,50,3
7347,92.2,2.5,50,3
7346,93.1,1.8,50,3
7345,87.3,1.8,50,3
7344,89.5,2.4,50,3
7343,85,2.4,50,3
7342,90,2.4,50,3
7341,87.5,2.4,50,3
7340,89.4,1.8,50,3
7339,87.8,2.4,50,3
7338,89.8,1.8,50,3
7337,85.5,2.4,50,3
7336,91,1.8,50,3
7335,87.1,2.4,50,3
7334,88.3,2.4,50,3
7333,83.8,2.4,50,3
7332,86.7,2.4,50,3
7331,84.9,2.3,50,3
7330,87.4,2.4,50,3
7329,89.5,1.8,50,3
7328,89.8,2.4,50,3
7327,92.4,2.4,50,3
7326,90.7,1.8,50,3
7325,90.5,2.5,50,3
7324,91.4,2.4,50,3
7322,86,2.5,50,3
7321,87.3,2.4,50,3
2619,-0.8,2.5,51,1
2619,3.7,2.5,51,2
2618,1.7,2.5,51,1
2618,1.3,2.5,51,2
2617,-1.3,2.6,51,1
2617,1.3,1.7,51,2
2616,1.6,2.6,51,1
2616,0.8,1.8,51,2
2615,-0.2,1.5,51,1
2615,-2.7,1.5,51,2
2614,2.8,1.3,51,1
2614,7.1,1.6,51,2
2613,7.8,1.5,51,1
2613,11.4,1.5,51,2
2612,10.5,1.5,51,1
2612,13.5,1.5,51,2
2611,12.7,1.5,51,1
2611,12.8,1.6,51,2
2610,8.1,1.8,51,1
2610,11.8,1.4,51,2
2609,8.5,1.4,51,1
2609,10.8,1.8,51,2
2608,9.3,1.4,51,1
2608,6.6,1.8,51,2
2607,8.7,1.8,51,1
2607,8.4,1.8,51,2
2606,9.8,1.4,51,1
2606,7.9,1.4,51,2
2605,8.6,1.1,51,1
2605,4.3,1.1,51,2
2604,8.4,0.8,51,1
2604,6.8,1.1,51,2
2603,6.7,0.9,51,1
2603,9,1.1,51,2
2602,7.9,1.4,51,1
2602,4.6,1.4,51,2
2601,2.9,1.4,51,1
2601,3.8,1.7,51,2
2600,4.5,1.7,51,1
2600,4.7,1.8,51,2
2599,2.6,1.7,51,1
2599,3.3,1.7,51,2
2598,4.3,1.8,51,1
2598,5.4,1.7,51,2
2597,4.1,1.7,51,1
2597,6.2,1.7,51,2
2596,4.2,1.7,51,1
2596,1.4,1.6,51,2
2595,3.4,1.4,51,1
2595,1.3,1.4,51,2
2594,0,1.2,51,1
2594,1.7,1.1,51,2
2593,5.9,0.9,51,1
2593,2.8,1.1,51,2
2592,5,1.4,51,1
2592,1.9,1.4,51,2
2591,1.5,1.4,51,1
2591,-0.3,1.7,51,2
2590,1.5,1.7,51,1
2590,4.7,1.7,51,2
2589,-2.6,1.4,51,1
2589,2.2,1.7,51,2
2588,-1.2,1.7,51,1
2588,2.2,1.7,51,2
2587,4.7,1.7,51,1
2587,3.1,1.7,51,2
2586,6.5,1.8,51,1
2586,6.5,1.7,51,2
2585,3.3,1.4,51,1
2585,2.4,1.7,51,2
2584,1.8,1.7,51,1
2584,1.8,2.4,51,2
2583,-0.3,2.4,51,1
2583,2.4,2.3,51,2
1200,-16.4,1.9,52,1
1198,-16,2.5,52,1
1196,-19.2,2.6,52,1
1194,-20.1,2.6,52,1
1192,-15.9,2.6,52,1
1190,-16,2.6,52,1
1188,-17.1,2.5,52,1
1186,-18.8,2.6,52,1
1184,-19.8,2.6,52,1
1182,-13.5,2.6,52,1
1180,-18.5,1.2,52,1
1179,-21.7,2.7,52,1
1178,-17.7,1.2,52,1
1177,-23.2,2.8,52,1
1176,-17.7,1.5,52,1
1175,-5.8,1.8,52,1
1174,-2.5,1.5,52,1
1173,-5.3,1.8,52,1
1172,-4.7,1.5,52,1
1171,-7.2,1.8,52,1
1170,-6,1.8,52,1
1168,-5.3,2.6,52,2
1166,-7.9,2.6,52,2
1164,-6.9,2.6,52,2
1162,-10.9,2.6,52,2
1160,-13.3,1.9,52,2
1158,-13.8,2,52,2
1156,-12.5,2.7,52,2
1154,-10.5,2.6,52,2
1152,-13.3,3.2,52,2
1150,-12.3,2.6,52,2
1148,-12.7,2.6,52,2
1146,-8.9,2.7,52,2
1144,-15.2,2.7,52,2
1142,-14.2,2.7,52,2
1140,-13.7,2.7,52,2
1138,-15.9,2.6,52,2
1136,-12.3,2.7,52,2
1134,-12.2,2.6,52,2
1132,-15,2.6,52,2
1130,-17.4,2.6,52,2
